"treatment","feel1","feel2","feel3","feel4"
"No Contact",83,82,82,76
"Same-Sex Marriage Script by Gay Canvasser",40,43,35,29
"Recycling Script by Straight Canvasser",70,61,NA,66
"Recycling Script by Straight Canvasser",48,57,44,49
"Same-Sex Marriage Script by Straight Canvasser",57,60,51,53
"Recycling Script by Straight Canvasser",53,54,58,61
"Same-Sex Marriage Script by Straight Canvasser",70,71,72,65
"Recycling Script by Straight Canvasser",48,47,44,49
"Same-Sex Marriage Script by Straight Canvasser",55,55,55,59
"Same-Sex Marriage Script by Gay Canvasser",73,78,88,82
"Recycling Script by Gay Canvasser",51,45,53,57
"Same-Sex Marriage Script by Gay Canvasser",30,36,25,31
"Same-Sex Marriage Script by Straight Canvasser",60,56,56,55
"No Contact",100,100,100,100
"Recycling Script by Gay Canvasser",60,61,NA,NA
"No Contact",50,46,56,44
"Recycling Script by Gay Canvasser",99,97,100,96
"Same-Sex Marriage Script by Gay Canvasser",2,9,14,0
"Same-Sex Marriage Script by Gay Canvasser",69,70,73,62
"Same-Sex Marriage Script by Gay Canvasser",51,44,39,57
"Recycling Script by Straight Canvasser",68,62,NA,74
"No Contact",61,60,62,64
"Recycling Script by Gay Canvasser",31,33,30,24
"Recycling Script by Gay Canvasser",53,54,NA,52
"Same-Sex Marriage Script by Gay Canvasser",57,54,63,71
"Recycling Script by Straight Canvasser",52,52,51,NA
"Recycling Script by Gay Canvasser",100,87,100,95
"Recycling Script by Gay Canvasser",87,89,78,92
"No Contact",64,55,50,66
"No Contact",60,61,62,60
"Same-Sex Marriage Script by Gay Canvasser",100,98,100,98
"Same-Sex Marriage Script by Straight Canvasser",72,75,70,65
"Same-Sex Marriage Script by Straight Canvasser",76,73,77,94
"No Contact",62,63,64,62
"Recycling Script by Straight Canvasser",37,33,41,47
"Recycling Script by Gay Canvasser",90,96,88,99
"Recycling Script by Gay Canvasser",41,50,37,51
"No Contact",56,64,49,63
"Same-Sex Marriage Script by Gay Canvasser",67,56,60,67
"Recycling Script by Gay Canvasser",86,80,81,82
"Recycling Script by Straight Canvasser",65,72,57,74
"Recycling Script by Straight Canvasser",78,70,77,86
"No Contact",41,45,31,41
"Same-Sex Marriage Script by Gay Canvasser",44,43,38,47
"Same-Sex Marriage Script by Gay Canvasser",50,52,40,56
"No Contact",61,69,62,62
"Same-Sex Marriage Script by Straight Canvasser",50,44,49,47
"Recycling Script by Straight Canvasser",66,67,76,73
"Same-Sex Marriage Script by Gay Canvasser",70,65,76,75
"Recycling Script by Gay Canvasser",100,99,93,88
"Recycling Script by Straight Canvasser",76,72,75,79
"Same-Sex Marriage Script by Straight Canvasser",93,96,99,91
"Same-Sex Marriage Script by Gay Canvasser",57,54,55,58
"Same-Sex Marriage Script by Straight Canvasser",20,18,11,18
"Recycling Script by Gay Canvasser",63,58,68,72
"Recycling Script by Gay Canvasser",81,71,85,79
"Same-Sex Marriage Script by Straight Canvasser",72,71,75,71
"Recycling Script by Gay Canvasser",80,86,73,82
"Recycling Script by Gay Canvasser",42,34,40,33
"Same-Sex Marriage Script by Gay Canvasser",53,50,53,63
"No Contact",30,32,25,24
"Recycling Script by Straight Canvasser",3,0,3,3
"Same-Sex Marriage Script by Straight Canvasser",84,83,76,85
"Recycling Script by Gay Canvasser",59,62,57,62
"Same-Sex Marriage Script by Straight Canvasser",100,99,100,99
"No Contact",62,60,60,73
"Recycling Script by Gay Canvasser",100,93,100,97
"No Contact",70,70,68,71
"No Contact",56,53,65,54
"Same-Sex Marriage Script by Straight Canvasser",86,79,94,91
"Same-Sex Marriage Script by Gay Canvasser",25,24,NA,29
"Recycling Script by Straight Canvasser",30,40,29,30
"Recycling Script by Gay Canvasser",89,92,100,88
"Recycling Script by Gay Canvasser",72,66,74,82
"Recycling Script by Straight Canvasser",44,49,46,43
"Same-Sex Marriage Script by Straight Canvasser",100,100,94,100
"Recycling Script by Straight Canvasser",63,66,53,52
"Same-Sex Marriage Script by Gay Canvasser",39,38,34,46
"No Contact",23,34,19,NA
"No Contact",68,75,65,65
"No Contact",81,75,83,NA
"No Contact",63,58,63,58
"Same-Sex Marriage Script by Gay Canvasser",70,68,62,68
"Recycling Script by Gay Canvasser",27,26,23,26
"No Contact",74,63,72,74
"Recycling Script by Straight Canvasser",81,84,88,88
"Recycling Script by Straight Canvasser",66,73,65,57
"Same-Sex Marriage Script by Straight Canvasser",45,46,52,41
"No Contact",31,26,30,34
"Same-Sex Marriage Script by Gay Canvasser",39,41,41,30
"Same-Sex Marriage Script by Gay Canvasser",68,66,74,72
"Same-Sex Marriage Script by Gay Canvasser",98,100,90,100
"Recycling Script by Straight Canvasser",79,78,85,76
"No Contact",50,64,52,59
"Same-Sex Marriage Script by Straight Canvasser",74,71,87,74
"Recycling Script by Gay Canvasser",42,36,NA,44
"Recycling Script by Gay Canvasser",48,48,NA,49
"Same-Sex Marriage Script by Gay Canvasser",72,78,80,73
"Recycling Script by Straight Canvasser",56,55,63,NA
"Recycling Script by Straight Canvasser",58,56,65,70
"Recycling Script by Straight Canvasser",14,15,NA,8
"Recycling Script by Gay Canvasser",57,57,59,60
"No Contact",63,59,71,67
"No Contact",25,32,36,18
"Recycling Script by Gay Canvasser",23,23,26,23
"Same-Sex Marriage Script by Gay Canvasser",12,10,19,7
"Recycling Script by Straight Canvasser",0,0,7,1
"Same-Sex Marriage Script by Gay Canvasser",85,84,81,89
"Recycling Script by Gay Canvasser",48,50,50,50
"Same-Sex Marriage Script by Gay Canvasser",57,61,57,56
"Same-Sex Marriage Script by Straight Canvasser",80,77,78,NA
"Same-Sex Marriage Script by Straight Canvasser",36,26,32,32
"Same-Sex Marriage Script by Gay Canvasser",19,19,NA,15
"Same-Sex Marriage Script by Straight Canvasser",72,68,73,72
"Same-Sex Marriage Script by Gay Canvasser",4,8,4,0
"Recycling Script by Straight Canvasser",82,81,79,72
"Same-Sex Marriage Script by Gay Canvasser",37,31,45,33
"Recycling Script by Gay Canvasser",26,28,35,33
"No Contact",49,44,48,49
"Same-Sex Marriage Script by Straight Canvasser",55,52,55,59
"No Contact",52,51,42,52
"No Contact",82,79,78,82
"Same-Sex Marriage Script by Gay Canvasser",2,0,0,1
"Same-Sex Marriage Script by Straight Canvasser",62,72,59,47
"Recycling Script by Gay Canvasser",100,96,100,100
"No Contact",33,37,26,32
"Same-Sex Marriage Script by Gay Canvasser",40,40,27,34
"No Contact",63,69,61,69
"Same-Sex Marriage Script by Gay Canvasser",52,51,50,55
"Recycling Script by Gay Canvasser",64,76,66,70
"Recycling Script by Straight Canvasser",83,80,78,88
"No Contact",69,73,67,75
"No Contact",38,32,37,43
"No Contact",68,67,60,64
"No Contact",76,71,71,80
"Same-Sex Marriage Script by Gay Canvasser",54,54,45,58
"Recycling Script by Straight Canvasser",73,68,79,74
"Recycling Script by Straight Canvasser",41,38,45,40
"Same-Sex Marriage Script by Straight Canvasser",100,90,100,100
"Same-Sex Marriage Script by Straight Canvasser",46,49,NA,49
"Recycling Script by Straight Canvasser",32,33,36,36
"Same-Sex Marriage Script by Straight Canvasser",56,63,NA,38
"Recycling Script by Straight Canvasser",20,23,22,15
"Recycling Script by Straight Canvasser",100,99,95,92
"Recycling Script by Gay Canvasser",59,59,68,58
"Same-Sex Marriage Script by Gay Canvasser",61,59,67,58
"Recycling Script by Gay Canvasser",95,96,100,95
"Same-Sex Marriage Script by Straight Canvasser",100,100,94,95
"Recycling Script by Gay Canvasser",59,60,62,69
"Same-Sex Marriage Script by Straight Canvasser",100,100,97,100
"Same-Sex Marriage Script by Straight Canvasser",26,28,16,22
"Recycling Script by Gay Canvasser",100,100,98,100
"Recycling Script by Straight Canvasser",84,94,80,84
"Recycling Script by Straight Canvasser",74,82,NA,74
"Same-Sex Marriage Script by Gay Canvasser",75,70,61,69
"Recycling Script by Gay Canvasser",82,81,71,97
"Same-Sex Marriage Script by Gay Canvasser",0,0,2,5
"Same-Sex Marriage Script by Straight Canvasser",72,72,69,70
"Recycling Script by Straight Canvasser",43,46,39,34
"Same-Sex Marriage Script by Straight Canvasser",62,67,62,57
"No Contact",46,41,50,42
"Same-Sex Marriage Script by Gay Canvasser",54,55,55,53
"Same-Sex Marriage Script by Straight Canvasser",75,83,76,70
"Same-Sex Marriage Script by Straight Canvasser",30,30,31,18
"No Contact",86,91,79,100
"Recycling Script by Gay Canvasser",77,86,78,84
"No Contact",76,77,72,70
"Same-Sex Marriage Script by Straight Canvasser",94,90,86,100
"Same-Sex Marriage Script by Straight Canvasser",43,41,44,31
"Recycling Script by Straight Canvasser",64,61,57,72
"No Contact",23,21,19,24
"Same-Sex Marriage Script by Gay Canvasser",38,46,48,NA
"Same-Sex Marriage Script by Straight Canvasser",98,100,NA,98
"No Contact",33,26,31,35
"No Contact",46,45,39,45
"Recycling Script by Gay Canvasser",90,89,99,89
"Recycling Script by Straight Canvasser",89,86,94,98
"No Contact",96,100,100,97
"Same-Sex Marriage Script by Gay Canvasser",68,77,69,66
"Recycling Script by Gay Canvasser",72,73,61,74
"No Contact",74,81,69,65
"No Contact",100,100,91,98
"Same-Sex Marriage Script by Gay Canvasser",100,100,96,100
"Same-Sex Marriage Script by Straight Canvasser",0,4,3,NA
"Same-Sex Marriage Script by Straight Canvasser",47,51,40,56
"Same-Sex Marriage Script by Straight Canvasser",79,81,90,79
"No Contact",100,97,100,92
"Recycling Script by Gay Canvasser",44,51,48,42
"Recycling Script by Straight Canvasser",87,88,92,88
"Same-Sex Marriage Script by Straight Canvasser",41,39,45,47
"Recycling Script by Straight Canvasser",42,40,41,51
"No Contact",6,4,3,3
"Recycling Script by Straight Canvasser",50,48,55,49
"Recycling Script by Gay Canvasser",14,22,22,15
"Same-Sex Marriage Script by Straight Canvasser",32,35,40,45
"No Contact",36,33,23,41
"Same-Sex Marriage Script by Gay Canvasser",0,12,7,7
"Recycling Script by Straight Canvasser",14,9,17,0
"Recycling Script by Straight Canvasser",64,64,63,66
"Same-Sex Marriage Script by Straight Canvasser",69,79,67,64
"Recycling Script by Gay Canvasser",16,18,13,9
"No Contact",79,76,72,88
"Recycling Script by Straight Canvasser",45,50,54,53
"Recycling Script by Straight Canvasser",53,55,53,34
"No Contact",55,57,53,55
"Same-Sex Marriage Script by Gay Canvasser",100,100,100,84
"Recycling Script by Straight Canvasser",42,48,41,43
"Same-Sex Marriage Script by Gay Canvasser",54,60,60,59
"Same-Sex Marriage Script by Straight Canvasser",72,68,72,70
"Same-Sex Marriage Script by Straight Canvasser",92,85,85,100
"Recycling Script by Straight Canvasser",83,82,95,80
"Same-Sex Marriage Script by Straight Canvasser",55,58,52,43
"Same-Sex Marriage Script by Straight Canvasser",18,20,NA,26
"Recycling Script by Gay Canvasser",64,61,65,66
"No Contact",10,6,14,0
"Same-Sex Marriage Script by Gay Canvasser",43,32,32,53
"Recycling Script by Straight Canvasser",32,29,26,14
"Recycling Script by Gay Canvasser",55,47,62,46
"Recycling Script by Straight Canvasser",65,57,65,79
"No Contact",67,66,76,69
"Same-Sex Marriage Script by Straight Canvasser",88,92,91,97
"Recycling Script by Gay Canvasser",100,100,100,100
"Same-Sex Marriage Script by Straight Canvasser",44,41,47,40
"No Contact",100,100,93,94
"Same-Sex Marriage Script by Gay Canvasser",54,60,56,56
"Same-Sex Marriage Script by Straight Canvasser",64,70,68,79
"Recycling Script by Straight Canvasser",49,47,52,62
"Same-Sex Marriage Script by Straight Canvasser",77,71,72,83
"Same-Sex Marriage Script by Straight Canvasser",91,88,93,89
"No Contact",58,56,57,67
"No Contact",10,17,9,13
"Recycling Script by Straight Canvasser",56,52,69,54
"Recycling Script by Gay Canvasser",10,13,8,6
"Same-Sex Marriage Script by Gay Canvasser",94,87,93,95
"Same-Sex Marriage Script by Straight Canvasser",64,59,59,66
"No Contact",48,45,43,47
"Recycling Script by Gay Canvasser",67,61,NA,73
"Recycling Script by Straight Canvasser",30,36,28,33
"Recycling Script by Straight Canvasser",26,22,30,25
"Same-Sex Marriage Script by Gay Canvasser",60,55,67,55
"Recycling Script by Gay Canvasser",84,84,79,85
"Same-Sex Marriage Script by Gay Canvasser",76,80,79,89
"Recycling Script by Straight Canvasser",74,66,NA,78
"Same-Sex Marriage Script by Straight Canvasser",37,36,40,44
"Recycling Script by Gay Canvasser",76,83,72,82
"Recycling Script by Gay Canvasser",74,66,80,80
"Same-Sex Marriage Script by Gay Canvasser",46,47,44,51
"Recycling Script by Gay Canvasser",74,74,68,64
"Same-Sex Marriage Script by Gay Canvasser",91,97,100,NA
"Same-Sex Marriage Script by Straight Canvasser",60,68,52,71
"Recycling Script by Straight Canvasser",30,34,32,35
"Recycling Script by Gay Canvasser",68,60,64,61
"Same-Sex Marriage Script by Gay Canvasser",100,100,98,89
"No Contact",73,80,73,NA
"Same-Sex Marriage Script by Gay Canvasser",25,25,21,NA
"No Contact",27,26,21,31
"No Contact",60,61,53,65
"Recycling Script by Straight Canvasser",62,58,67,72
"Same-Sex Marriage Script by Gay Canvasser",23,26,28,42
"Recycling Script by Straight Canvasser",47,49,50,44
"No Contact",79,74,83,86
"No Contact",63,66,70,75
"Recycling Script by Gay Canvasser",92,94,90,95
"Same-Sex Marriage Script by Gay Canvasser",50,47,39,38
"No Contact",76,74,84,70
"Same-Sex Marriage Script by Straight Canvasser",50,55,45,58
"Same-Sex Marriage Script by Gay Canvasser",12,21,18,0
"Same-Sex Marriage Script by Straight Canvasser",51,52,54,59
"No Contact",87,88,92,83
"No Contact",7,6,10,NA
"Recycling Script by Gay Canvasser",59,67,61,65
"Same-Sex Marriage Script by Straight Canvasser",28,30,33,36
"Recycling Script by Straight Canvasser",60,59,62,55
"Same-Sex Marriage Script by Straight Canvasser",80,81,87,83
"Recycling Script by Gay Canvasser",98,98,92,92
"No Contact",87,80,79,85
"Same-Sex Marriage Script by Straight Canvasser",0,0,5,5
"Same-Sex Marriage Script by Straight Canvasser",70,71,73,64
"No Contact",15,17,18,20
"Recycling Script by Gay Canvasser",38,35,29,37
"Recycling Script by Gay Canvasser",97,96,NA,100
"Same-Sex Marriage Script by Straight Canvasser",84,80,79,87
"Recycling Script by Gay Canvasser",75,74,81,71
"Same-Sex Marriage Script by Gay Canvasser",76,76,76,65
"No Contact",43,46,44,39
"Recycling Script by Straight Canvasser",60,57,53,53
"No Contact",42,42,40,NA
"Same-Sex Marriage Script by Gay Canvasser",21,25,22,28
"Same-Sex Marriage Script by Gay Canvasser",55,57,50,47
"Same-Sex Marriage Script by Straight Canvasser",66,59,68,62
"Recycling Script by Straight Canvasser",28,31,18,18
"Same-Sex Marriage Script by Gay Canvasser",56,64,57,69
"Recycling Script by Straight Canvasser",100,96,100,98
"Recycling Script by Gay Canvasser",62,55,58,72
"Same-Sex Marriage Script by Gay Canvasser",52,42,NA,49
"Same-Sex Marriage Script by Straight Canvasser",50,41,52,59
"Recycling Script by Gay Canvasser",26,32,26,38
"Same-Sex Marriage Script by Gay Canvasser",67,68,58,89
"Recycling Script by Straight Canvasser",53,51,56,51
"Recycling Script by Gay Canvasser",84,88,81,82
"No Contact",70,71,70,77
"No Contact",54,57,45,55
"Recycling Script by Straight Canvasser",0,0,0,11
"No Contact",35,35,34,45
"No Contact",42,49,43,39
"Recycling Script by Straight Canvasser",26,33,34,20
"No Contact",90,97,94,80
"Same-Sex Marriage Script by Straight Canvasser",75,77,71,84
"Same-Sex Marriage Script by Gay Canvasser",23,21,12,24
"Recycling Script by Gay Canvasser",72,75,76,71
"Same-Sex Marriage Script by Gay Canvasser",26,29,23,30
"Same-Sex Marriage Script by Gay Canvasser",54,55,55,46
"Same-Sex Marriage Script by Straight Canvasser",57,60,69,60
"Recycling Script by Straight Canvasser",60,53,52,NA
"Same-Sex Marriage Script by Gay Canvasser",49,46,34,50
"Recycling Script by Gay Canvasser",0,7,2,0
"Recycling Script by Straight Canvasser",26,27,34,26
"Same-Sex Marriage Script by Straight Canvasser",53,52,56,53
"Recycling Script by Straight Canvasser",56,62,56,45
"Same-Sex Marriage Script by Straight Canvasser",55,55,55,56
"Recycling Script by Straight Canvasser",69,68,69,67
"Recycling Script by Straight Canvasser",38,41,43,45
"Recycling Script by Straight Canvasser",45,42,37,36
"Same-Sex Marriage Script by Gay Canvasser",42,37,48,44
"Same-Sex Marriage Script by Straight Canvasser",30,34,17,33
"No Contact",52,52,58,61
"Recycling Script by Gay Canvasser",50,42,58,54
"Recycling Script by Gay Canvasser",22,17,18,29
"No Contact",2,4,1,0
"Same-Sex Marriage Script by Straight Canvasser",79,88,70,68
"Recycling Script by Gay Canvasser",52,51,52,49
"Recycling Script by Gay Canvasser",76,77,76,NA
"No Contact",45,38,41,36
"Recycling Script by Gay Canvasser",83,78,80,77
"Same-Sex Marriage Script by Straight Canvasser",66,70,62,64
"Recycling Script by Straight Canvasser",25,23,33,26
"Recycling Script by Gay Canvasser",66,63,61,55
"Recycling Script by Straight Canvasser",70,71,67,72
"Recycling Script by Straight Canvasser",42,38,41,44
"No Contact",57,50,53,60
"Same-Sex Marriage Script by Gay Canvasser",43,47,58,56
"No Contact",69,64,71,70
"No Contact",87,88,86,91
"Recycling Script by Straight Canvasser",0,4,8,0
"No Contact",49,49,57,41
"Same-Sex Marriage Script by Gay Canvasser",92,93,98,95
"Same-Sex Marriage Script by Gay Canvasser",55,67,48,52
"Same-Sex Marriage Script by Gay Canvasser",54,53,42,51
"Recycling Script by Straight Canvasser",54,51,55,54
"Same-Sex Marriage Script by Straight Canvasser",81,76,89,79
"Same-Sex Marriage Script by Straight Canvasser",46,41,43,NA
"No Contact",38,39,37,48
"Recycling Script by Straight Canvasser",68,67,74,72
"Same-Sex Marriage Script by Gay Canvasser",18,16,12,19
"No Contact",34,33,30,30
"No Contact",91,88,83,80
"Recycling Script by Gay Canvasser",52,56,53,36
"Same-Sex Marriage Script by Gay Canvasser",42,41,46,41
"Recycling Script by Straight Canvasser",49,54,48,NA
"No Contact",85,92,90,82
"Recycling Script by Gay Canvasser",46,41,52,45
"Recycling Script by Gay Canvasser",80,75,82,87
"Recycling Script by Gay Canvasser",44,42,45,NA
"Same-Sex Marriage Script by Gay Canvasser",0,0,0,0
"Recycling Script by Gay Canvasser",46,47,43,44
"Recycling Script by Straight Canvasser",89,96,82,84
"Same-Sex Marriage Script by Straight Canvasser",84,78,86,78
"Same-Sex Marriage Script by Straight Canvasser",100,100,100,89
"Same-Sex Marriage Script by Straight Canvasser",35,38,30,34
"Same-Sex Marriage Script by Gay Canvasser",53,47,48,50
"Same-Sex Marriage Script by Gay Canvasser",32,39,35,28
"Same-Sex Marriage Script by Gay Canvasser",67,58,72,NA
"Same-Sex Marriage Script by Straight Canvasser",51,60,55,55
"Recycling Script by Gay Canvasser",63,56,53,59
"Same-Sex Marriage Script by Straight Canvasser",93,97,86,100
"Same-Sex Marriage Script by Gay Canvasser",44,46,46,40
"Same-Sex Marriage Script by Gay Canvasser",64,55,63,61
"Same-Sex Marriage Script by Straight Canvasser",25,24,27,16
"Same-Sex Marriage Script by Straight Canvasser",63,62,65,55
"Recycling Script by Gay Canvasser",34,36,31,43
"Same-Sex Marriage Script by Straight Canvasser",26,20,18,35
"Recycling Script by Straight Canvasser",16,10,26,14
"Same-Sex Marriage Script by Straight Canvasser",52,48,47,47
"Same-Sex Marriage Script by Gay Canvasser",83,85,78,80
"Recycling Script by Gay Canvasser",52,60,NA,57
"Recycling Script by Straight Canvasser",13,16,1,8
"Recycling Script by Gay Canvasser",53,51,50,48
"No Contact",51,47,43,33
"Same-Sex Marriage Script by Gay Canvasser",55,56,47,46
"Same-Sex Marriage Script by Straight Canvasser",97,100,87,100
"Same-Sex Marriage Script by Straight Canvasser",55,52,55,52
"Recycling Script by Gay Canvasser",9,0,13,0
"Recycling Script by Gay Canvasser",100,100,100,80
"Recycling Script by Gay Canvasser",100,100,95,100
"No Contact",57,61,54,49
"Recycling Script by Straight Canvasser",36,44,48,31
"Same-Sex Marriage Script by Gay Canvasser",35,45,37,32
"Recycling Script by Gay Canvasser",100,92,100,99
"No Contact",100,100,88,99
"Same-Sex Marriage Script by Straight Canvasser",100,89,100,100
"Same-Sex Marriage Script by Gay Canvasser",26,32,29,37
"Recycling Script by Straight Canvasser",56,59,52,48
"Same-Sex Marriage Script by Gay Canvasser",0,0,2,5
"No Contact",77,78,80,68
"Recycling Script by Straight Canvasser",78,80,76,88
"No Contact",44,40,57,51
"Recycling Script by Straight Canvasser",100,99,100,100
"No Contact",16,13,16,15
"Recycling Script by Straight Canvasser",76,66,63,86
"Same-Sex Marriage Script by Straight Canvasser",68,66,76,78
"No Contact",46,41,NA,36
"No Contact",88,86,93,89
"Same-Sex Marriage Script by Gay Canvasser",75,78,67,73
"Same-Sex Marriage Script by Straight Canvasser",53,58,50,54
"No Contact",66,69,77,82
"Recycling Script by Straight Canvasser",100,100,NA,97
"Same-Sex Marriage Script by Straight Canvasser",58,53,59,58
"Recycling Script by Gay Canvasser",60,67,70,49
"Same-Sex Marriage Script by Straight Canvasser",52,54,53,60
"Same-Sex Marriage Script by Gay Canvasser",16,12,13,11
"Same-Sex Marriage Script by Straight Canvasser",86,83,97,NA
"Same-Sex Marriage Script by Gay Canvasser",100,96,100,79
"No Contact",17,13,34,13
"Recycling Script by Gay Canvasser",7,7,19,1
"Same-Sex Marriage Script by Straight Canvasser",84,76,93,80
"Same-Sex Marriage Script by Gay Canvasser",0,0,0,0
"Same-Sex Marriage Script by Straight Canvasser",68,67,54,49
"No Contact",74,83,70,80
"No Contact",100,95,NA,100
"No Contact",100,100,100,100
"Same-Sex Marriage Script by Gay Canvasser",73,68,76,77
"Same-Sex Marriage Script by Gay Canvasser",40,37,44,35
"Same-Sex Marriage Script by Gay Canvasser",75,84,63,80
"Same-Sex Marriage Script by Straight Canvasser",23,16,32,13
"Same-Sex Marriage Script by Gay Canvasser",85,84,99,73
"Recycling Script by Straight Canvasser",63,61,68,69
"No Contact",70,64,69,60
"Same-Sex Marriage Script by Straight Canvasser",71,71,71,65
"No Contact",50,45,52,NA
"No Contact",100,100,100,100
"No Contact",55,54,61,54
"Same-Sex Marriage Script by Straight Canvasser",34,34,23,35
"Recycling Script by Gay Canvasser",48,45,40,41
"No Contact",64,61,66,48
"Recycling Script by Gay Canvasser",53,53,62,46
"Same-Sex Marriage Script by Gay Canvasser",39,27,42,45
"No Contact",8,9,NA,4
"Recycling Script by Gay Canvasser",99,95,100,92
"Recycling Script by Gay Canvasser",93,94,100,79
"Same-Sex Marriage Script by Straight Canvasser",48,42,37,38
"Recycling Script by Gay Canvasser",0,10,1,0
"Same-Sex Marriage Script by Gay Canvasser",20,19,23,15
"Recycling Script by Straight Canvasser",62,58,58,71
"No Contact",55,53,50,56
"Same-Sex Marriage Script by Straight Canvasser",52,46,48,55
"Recycling Script by Straight Canvasser",16,11,15,19
"Same-Sex Marriage Script by Gay Canvasser",55,58,54,53
"Same-Sex Marriage Script by Gay Canvasser",56,55,59,55
"Same-Sex Marriage Script by Gay Canvasser",39,40,38,NA
"Same-Sex Marriage Script by Straight Canvasser",22,17,16,11
"Recycling Script by Straight Canvasser",40,36,NA,NA
"Same-Sex Marriage Script by Straight Canvasser",100,95,96,100
"Same-Sex Marriage Script by Gay Canvasser",89,91,NA,87
"Same-Sex Marriage Script by Gay Canvasser",43,36,48,61
"No Contact",6,8,0,2
"Recycling Script by Gay Canvasser",78,78,81,84
"No Contact",96,90,90,100
"Recycling Script by Gay Canvasser",16,18,16,22
"No Contact",74,76,69,83
"No Contact",43,49,47,48
"No Contact",70,73,69,66
"Same-Sex Marriage Script by Straight Canvasser",41,41,31,51
"No Contact",6,7,10,0
"Recycling Script by Straight Canvasser",72,63,73,NA
"Recycling Script by Straight Canvasser",53,53,51,57
"Same-Sex Marriage Script by Straight Canvasser",80,83,84,83
"Same-Sex Marriage Script by Straight Canvasser",43,47,50,46
"Same-Sex Marriage Script by Straight Canvasser",68,57,61,73
"Same-Sex Marriage Script by Gay Canvasser",93,85,93,98
"Recycling Script by Straight Canvasser",98,100,100,100
"Recycling Script by Gay Canvasser",79,84,90,80
"Same-Sex Marriage Script by Gay Canvasser",82,87,92,82
"Recycling Script by Gay Canvasser",95,100,97,100
"Same-Sex Marriage Script by Gay Canvasser",81,72,85,NA
"Same-Sex Marriage Script by Straight Canvasser",30,34,24,23
"Same-Sex Marriage Script by Gay Canvasser",60,55,62,57
"Same-Sex Marriage Script by Gay Canvasser",91,95,81,91
"Same-Sex Marriage Script by Gay Canvasser",18,9,25,8
"Recycling Script by Gay Canvasser",80,81,91,78
"Same-Sex Marriage Script by Straight Canvasser",100,100,87,94
"Recycling Script by Gay Canvasser",88,87,93,NA
"No Contact",41,47,46,31
"Same-Sex Marriage Script by Straight Canvasser",63,64,63,60
"No Contact",48,46,51,47
"Same-Sex Marriage Script by Gay Canvasser",65,71,64,72
"Same-Sex Marriage Script by Gay Canvasser",43,47,40,40
"Same-Sex Marriage Script by Straight Canvasser",20,17,17,17
"Same-Sex Marriage Script by Straight Canvasser",100,99,100,100
"Same-Sex Marriage Script by Straight Canvasser",73,75,71,83
"Recycling Script by Straight Canvasser",13,17,14,13
"Same-Sex Marriage Script by Straight Canvasser",74,69,70,79
"Same-Sex Marriage Script by Gay Canvasser",44,53,39,34
"Same-Sex Marriage Script by Gay Canvasser",25,26,24,25
"Recycling Script by Straight Canvasser",36,37,23,46
"Same-Sex Marriage Script by Gay Canvasser",56,59,66,67
"Recycling Script by Gay Canvasser",40,49,43,43
"Same-Sex Marriage Script by Gay Canvasser",32,34,NA,22
"Recycling Script by Straight Canvasser",83,84,82,82
"Same-Sex Marriage Script by Straight Canvasser",47,35,NA,40
"Same-Sex Marriage Script by Straight Canvasser",40,42,NA,42
"Same-Sex Marriage Script by Gay Canvasser",60,59,67,69
"Same-Sex Marriage Script by Straight Canvasser",76,71,76,81
"Same-Sex Marriage Script by Gay Canvasser",72,80,62,65
"Recycling Script by Straight Canvasser",100,96,100,NA
"Same-Sex Marriage Script by Straight Canvasser",43,42,53,59
"Same-Sex Marriage Script by Gay Canvasser",45,43,49,48
"Recycling Script by Gay Canvasser",15,17,22,15
"Recycling Script by Gay Canvasser",61,59,NA,68
"No Contact",41,36,37,49
"Same-Sex Marriage Script by Straight Canvasser",49,48,NA,39
"No Contact",67,60,67,62
"Same-Sex Marriage Script by Gay Canvasser",42,38,43,42
"Same-Sex Marriage Script by Straight Canvasser",99,100,98,100
"No Contact",80,81,82,NA
"Recycling Script by Gay Canvasser",100,100,100,100
"Same-Sex Marriage Script by Gay Canvasser",6,13,7,4
"Same-Sex Marriage Script by Gay Canvasser",72,67,71,71
"Same-Sex Marriage Script by Gay Canvasser",64,67,62,67
"No Contact",41,39,39,40
"Same-Sex Marriage Script by Straight Canvasser",43,45,45,44
"No Contact",40,33,43,NA
"Same-Sex Marriage Script by Straight Canvasser",58,51,60,53
"Recycling Script by Gay Canvasser",38,41,42,47
"No Contact",58,51,52,65
"No Contact",34,38,31,29
"Same-Sex Marriage Script by Straight Canvasser",100,100,98,99
"Recycling Script by Straight Canvasser",47,53,40,54
"Recycling Script by Gay Canvasser",26,30,28,22
"Same-Sex Marriage Script by Gay Canvasser",95,92,91,91
"No Contact",44,38,35,45
"Same-Sex Marriage Script by Straight Canvasser",57,44,49,46
"Recycling Script by Straight Canvasser",45,44,40,NA
"Recycling Script by Gay Canvasser",27,31,19,28
"Recycling Script by Straight Canvasser",50,46,44,44
"Recycling Script by Straight Canvasser",90,91,82,86
"Recycling Script by Straight Canvasser",100,100,NA,93
"Same-Sex Marriage Script by Straight Canvasser",60,61,61,52
"No Contact",58,52,55,61
"Same-Sex Marriage Script by Gay Canvasser",47,40,53,59
"No Contact",9,5,11,18
"No Contact",72,73,70,69
"Recycling Script by Straight Canvasser",57,49,NA,51
"No Contact",100,99,100,100
"Recycling Script by Straight Canvasser",95,98,100,100
"Recycling Script by Gay Canvasser",81,86,NA,77
"Recycling Script by Gay Canvasser",73,76,65,75
"Recycling Script by Gay Canvasser",66,71,69,56
"Recycling Script by Gay Canvasser",68,64,72,74
"Recycling Script by Straight Canvasser",92,100,83,NA
"Same-Sex Marriage Script by Straight Canvasser",31,35,33,NA
"Same-Sex Marriage Script by Straight Canvasser",64,65,73,NA
"Recycling Script by Gay Canvasser",53,56,58,58
"Recycling Script by Straight Canvasser",66,64,60,63
"Recycling Script by Gay Canvasser",96,97,98,93
"Same-Sex Marriage Script by Gay Canvasser",10,2,5,1
"Recycling Script by Straight Canvasser",39,47,33,27
"Recycling Script by Gay Canvasser",40,40,41,32
"No Contact",80,76,78,78
"Recycling Script by Gay Canvasser",39,44,NA,51
"No Contact",69,76,73,68
"Recycling Script by Straight Canvasser",65,59,66,69
"Recycling Script by Straight Canvasser",53,56,47,47
"Recycling Script by Gay Canvasser",0,3,4,0
"Same-Sex Marriage Script by Straight Canvasser",40,43,36,32
"No Contact",24,24,31,31
"Same-Sex Marriage Script by Gay Canvasser",74,70,73,76
"No Contact",34,34,34,32
"Same-Sex Marriage Script by Gay Canvasser",1,0,0,0
"Recycling Script by Gay Canvasser",100,100,99,96
"Same-Sex Marriage Script by Straight Canvasser",53,49,51,25
"No Contact",40,31,41,46
"Recycling Script by Straight Canvasser",41,46,48,42
"No Contact",31,35,36,34
"Same-Sex Marriage Script by Straight Canvasser",42,47,32,34
"Same-Sex Marriage Script by Gay Canvasser",42,38,34,40
"Same-Sex Marriage Script by Gay Canvasser",18,19,37,18
"No Contact",40,37,37,50
"Same-Sex Marriage Script by Gay Canvasser",78,80,79,69
"Same-Sex Marriage Script by Straight Canvasser",73,71,70,79
"Same-Sex Marriage Script by Gay Canvasser",63,63,67,57
"No Contact",63,62,71,59
"Recycling Script by Gay Canvasser",24,18,NA,24
"Recycling Script by Gay Canvasser",59,57,60,49
"No Contact",100,94,100,92
"Recycling Script by Straight Canvasser",14,11,7,8
"No Contact",0,0,0,0
"No Contact",100,100,96,98
"No Contact",68,72,69,66
"Same-Sex Marriage Script by Gay Canvasser",78,84,NA,78
"Same-Sex Marriage Script by Gay Canvasser",62,57,73,63
"Same-Sex Marriage Script by Gay Canvasser",29,17,34,39
"Same-Sex Marriage Script by Gay Canvasser",100,100,100,100
"No Contact",89,85,87,80
"No Contact",71,77,74,70
"Same-Sex Marriage Script by Gay Canvasser",83,77,NA,85
"Recycling Script by Straight Canvasser",37,37,38,NA
"Recycling Script by Straight Canvasser",44,42,NA,44
"Recycling Script by Straight Canvasser",59,56,70,71
"Recycling Script by Straight Canvasser",44,39,51,60
"Same-Sex Marriage Script by Gay Canvasser",95,100,100,81
"Recycling Script by Straight Canvasser",73,72,63,71
"No Contact",89,95,83,89
"Same-Sex Marriage Script by Gay Canvasser",39,37,39,50
"Recycling Script by Straight Canvasser",28,25,20,37
"Recycling Script by Gay Canvasser",96,97,92,100
"Recycling Script by Gay Canvasser",23,27,22,28
"Recycling Script by Gay Canvasser",46,38,NA,40
"Recycling Script by Gay Canvasser",61,63,65,61
"Recycling Script by Gay Canvasser",42,42,44,47
"Same-Sex Marriage Script by Gay Canvasser",37,41,NA,30
"No Contact",55,58,50,57
"No Contact",10,7,11,14
"Recycling Script by Straight Canvasser",18,23,11,15
"Recycling Script by Straight Canvasser",63,68,60,70
"No Contact",42,38,45,37
"Same-Sex Marriage Script by Gay Canvasser",49,48,58,46
"Recycling Script by Gay Canvasser",78,72,NA,79
"Same-Sex Marriage Script by Straight Canvasser",100,100,100,100
"Same-Sex Marriage Script by Straight Canvasser",100,100,94,99
"Same-Sex Marriage Script by Gay Canvasser",64,64,64,59
"Same-Sex Marriage Script by Gay Canvasser",55,50,57,43
"Recycling Script by Straight Canvasser",83,87,86,85
"No Contact",91,90,NA,93
"Recycling Script by Straight Canvasser",92,91,92,97
"Recycling Script by Gay Canvasser",23,20,29,31
"Recycling Script by Straight Canvasser",42,48,41,33
"Recycling Script by Straight Canvasser",32,36,NA,41
"No Contact",75,68,90,76
"Recycling Script by Straight Canvasser",47,46,50,46
"No Contact",43,51,43,35
"Same-Sex Marriage Script by Straight Canvasser",82,89,81,82
"Recycling Script by Gay Canvasser",44,36,39,NA
"Same-Sex Marriage Script by Gay Canvasser",100,95,100,100
"Recycling Script by Gay Canvasser",24,15,28,33
"Recycling Script by Straight Canvasser",46,46,38,45
"Recycling Script by Gay Canvasser",17,19,29,13
"Same-Sex Marriage Script by Straight Canvasser",36,43,44,51
"Same-Sex Marriage Script by Gay Canvasser",54,58,56,54
"Same-Sex Marriage Script by Straight Canvasser",53,55,48,60
"Recycling Script by Gay Canvasser",50,55,52,41
"Recycling Script by Gay Canvasser",12,20,11,14
"No Contact",68,75,59,58
"Recycling Script by Gay Canvasser",24,13,16,26
"Same-Sex Marriage Script by Straight Canvasser",73,66,69,68
"Recycling Script by Straight Canvasser",54,50,54,61
"Same-Sex Marriage Script by Gay Canvasser",26,20,25,28
"Recycling Script by Gay Canvasser",38,38,30,38
"Recycling Script by Gay Canvasser",76,80,90,79
"Same-Sex Marriage Script by Straight Canvasser",71,78,67,59
"Same-Sex Marriage Script by Straight Canvasser",25,17,18,16
"No Contact",79,80,81,80
"No Contact",75,83,74,81
"Recycling Script by Gay Canvasser",67,68,60,60
"Same-Sex Marriage Script by Gay Canvasser",62,60,66,60
"Recycling Script by Gay Canvasser",74,72,71,69
"Recycling Script by Straight Canvasser",90,85,NA,99
"Same-Sex Marriage Script by Straight Canvasser",9,9,10,2
"Same-Sex Marriage Script by Straight Canvasser",63,64,71,61
"No Contact",43,43,47,49
"Same-Sex Marriage Script by Gay Canvasser",17,12,21,10
"Recycling Script by Gay Canvasser",100,100,100,94
"Same-Sex Marriage Script by Gay Canvasser",63,63,NA,63
"Same-Sex Marriage Script by Gay Canvasser",57,58,58,51
"Recycling Script by Straight Canvasser",100,100,92,NA
"Same-Sex Marriage Script by Gay Canvasser",68,71,67,60
"Recycling Script by Straight Canvasser",69,63,74,55
"Recycling Script by Straight Canvasser",92,97,91,92
"Recycling Script by Gay Canvasser",90,93,86,81
"Same-Sex Marriage Script by Straight Canvasser",19,17,11,28
"No Contact",91,88,96,94
"Same-Sex Marriage Script by Straight Canvasser",41,42,45,47
"No Contact",65,69,61,59
"Same-Sex Marriage Script by Gay Canvasser",91,87,76,88
"Recycling Script by Gay Canvasser",51,53,48,56
"No Contact",91,97,100,100
"Recycling Script by Straight Canvasser",94,97,100,95
"Same-Sex Marriage Script by Gay Canvasser",46,48,47,46
"Recycling Script by Gay Canvasser",85,91,82,81
"No Contact",55,50,54,52
"No Contact",49,46,44,42
"Same-Sex Marriage Script by Gay Canvasser",89,85,81,99
"Recycling Script by Straight Canvasser",30,26,31,36
"No Contact",23,19,NA,24
"No Contact",75,70,79,82
"Recycling Script by Gay Canvasser",33,28,40,45
"Same-Sex Marriage Script by Gay Canvasser",27,30,34,23
"Recycling Script by Gay Canvasser",94,98,NA,93
"Recycling Script by Straight Canvasser",37,40,32,35
"Same-Sex Marriage Script by Straight Canvasser",53,54,50,52
"Recycling Script by Gay Canvasser",77,78,79,70
"Same-Sex Marriage Script by Gay Canvasser",62,59,58,75
"Same-Sex Marriage Script by Gay Canvasser",29,25,27,30
"Same-Sex Marriage Script by Gay Canvasser",93,97,80,99
"Recycling Script by Gay Canvasser",57,51,53,63
"Recycling Script by Gay Canvasser",100,100,98,90
"No Contact",50,47,49,41
"Recycling Script by Straight Canvasser",78,74,83,81
"Same-Sex Marriage Script by Straight Canvasser",100,100,92,100
"Recycling Script by Gay Canvasser",58,50,62,65
"Recycling Script by Gay Canvasser",57,58,NA,55
"Recycling Script by Gay Canvasser",31,35,35,29
"No Contact",53,50,59,54
"No Contact",59,55,65,67
"Same-Sex Marriage Script by Straight Canvasser",55,54,NA,53
"Recycling Script by Gay Canvasser",100,99,95,100
"Same-Sex Marriage Script by Gay Canvasser",75,77,82,71
"Same-Sex Marriage Script by Straight Canvasser",63,61,61,61
"Same-Sex Marriage Script by Straight Canvasser",60,66,58,59
"No Contact",45,47,48,46
"Recycling Script by Straight Canvasser",52,59,62,55
"Recycling Script by Gay Canvasser",59,60,47,62
"Recycling Script by Straight Canvasser",12,16,11,11
"Same-Sex Marriage Script by Straight Canvasser",67,78,72,69
"Recycling Script by Gay Canvasser",55,62,55,52
"Same-Sex Marriage Script by Gay Canvasser",73,69,73,NA
"Recycling Script by Gay Canvasser",88,85,89,92
"Same-Sex Marriage Script by Straight Canvasser",70,65,66,80
"No Contact",100,93,91,100
"Same-Sex Marriage Script by Straight Canvasser",16,24,15,32
"Recycling Script by Straight Canvasser",57,58,59,62
"Same-Sex Marriage Script by Straight Canvasser",76,68,79,84
"No Contact",92,90,100,81
"Recycling Script by Gay Canvasser",37,37,37,27
"Same-Sex Marriage Script by Straight Canvasser",90,94,87,85
"Same-Sex Marriage Script by Straight Canvasser",22,24,27,24
"Recycling Script by Gay Canvasser",36,41,23,33
"No Contact",58,56,51,59
"Same-Sex Marriage Script by Gay Canvasser",70,67,72,63
"Same-Sex Marriage Script by Gay Canvasser",81,72,84,72
"Recycling Script by Straight Canvasser",62,63,65,70
"No Contact",55,65,50,51
"Same-Sex Marriage Script by Straight Canvasser",55,58,57,64
"No Contact",58,64,60,49
"Same-Sex Marriage Script by Straight Canvasser",50,52,NA,72
"No Contact",0,0,0,0
"Recycling Script by Straight Canvasser",70,69,65,87
"No Contact",67,67,71,71
"Recycling Script by Gay Canvasser",55,48,45,60
"No Contact",96,100,100,100
"No Contact",21,30,21,12
"Recycling Script by Gay Canvasser",26,21,24,19
"No Contact",73,73,NA,69
"Same-Sex Marriage Script by Straight Canvasser",60,67,58,83
"Recycling Script by Gay Canvasser",56,45,52,55
"Recycling Script by Straight Canvasser",80,85,NA,92
"Same-Sex Marriage Script by Straight Canvasser",30,32,23,19
"No Contact",47,55,38,41
"Recycling Script by Straight Canvasser",58,52,61,54
"Recycling Script by Straight Canvasser",71,62,65,72
"Recycling Script by Gay Canvasser",89,80,84,87
"Recycling Script by Gay Canvasser",6,6,NA,0
"Same-Sex Marriage Script by Straight Canvasser",65,68,65,73
"Same-Sex Marriage Script by Straight Canvasser",50,54,41,43
"Recycling Script by Straight Canvasser",62,52,51,72
"Recycling Script by Gay Canvasser",89,95,89,89
"Recycling Script by Gay Canvasser",88,87,80,97
"Same-Sex Marriage Script by Gay Canvasser",43,50,46,36
"Same-Sex Marriage Script by Straight Canvasser",94,90,93,88
"No Contact",48,41,50,59
"Same-Sex Marriage Script by Straight Canvasser",59,63,59,48
"Recycling Script by Straight Canvasser",73,80,80,64
"Same-Sex Marriage Script by Gay Canvasser",77,75,63,82
"Same-Sex Marriage Script by Gay Canvasser",0,0,0,0
"Recycling Script by Straight Canvasser",47,51,43,46
"Same-Sex Marriage Script by Straight Canvasser",0,0,3,0
"Same-Sex Marriage Script by Straight Canvasser",77,76,72,78
"Same-Sex Marriage Script by Gay Canvasser",0,1,6,0
"No Contact",56,58,62,55
"Recycling Script by Straight Canvasser",84,82,74,NA
"No Contact",71,73,71,72
"No Contact",50,55,52,53
"Recycling Script by Gay Canvasser",68,66,75,70
"Same-Sex Marriage Script by Gay Canvasser",56,59,58,56
"No Contact",48,53,62,45
"Recycling Script by Gay Canvasser",33,33,39,33
"Recycling Script by Gay Canvasser",38,36,40,42
"No Contact",83,81,85,88
"No Contact",25,22,15,23
"Same-Sex Marriage Script by Gay Canvasser",68,65,71,65
"No Contact",69,70,76,80
"Same-Sex Marriage Script by Straight Canvasser",80,77,79,80
"No Contact",46,45,32,38
"No Contact",83,86,NA,83
"Recycling Script by Gay Canvasser",71,73,80,62
"Same-Sex Marriage Script by Gay Canvasser",26,30,31,20
"Recycling Script by Gay Canvasser",70,61,69,NA
"Same-Sex Marriage Script by Gay Canvasser",53,49,53,54
"Same-Sex Marriage Script by Gay Canvasser",75,72,74,68
"No Contact",100,100,100,100
"Same-Sex Marriage Script by Straight Canvasser",81,83,75,79
"Same-Sex Marriage Script by Gay Canvasser",80,86,76,80
"Same-Sex Marriage Script by Gay Canvasser",83,87,78,82
"Recycling Script by Gay Canvasser",100,100,94,95
"Same-Sex Marriage Script by Straight Canvasser",66,61,66,55
"Same-Sex Marriage Script by Straight Canvasser",19,16,26,21
"No Contact",27,26,25,38
"Same-Sex Marriage Script by Gay Canvasser",82,88,78,78
"Same-Sex Marriage Script by Gay Canvasser",19,17,22,31
"Recycling Script by Straight Canvasser",81,76,90,85
"No Contact",80,81,79,78
"Recycling Script by Gay Canvasser",60,58,54,59
"Recycling Script by Straight Canvasser",73,80,NA,83
"Same-Sex Marriage Script by Gay Canvasser",100,96,92,95
"No Contact",100,92,100,NA
"Same-Sex Marriage Script by Gay Canvasser",69,78,70,62
"Recycling Script by Gay Canvasser",100,95,100,96
"Recycling Script by Gay Canvasser",38,47,31,36
"Recycling Script by Gay Canvasser",61,63,68,58
"No Contact",100,100,100,94
"Same-Sex Marriage Script by Straight Canvasser",68,69,54,92
"Same-Sex Marriage Script by Straight Canvasser",55,54,51,56
"Same-Sex Marriage Script by Straight Canvasser",67,62,67,72
"No Contact",18,24,20,25
"No Contact",99,100,100,90
"Same-Sex Marriage Script by Gay Canvasser",73,76,73,78
"Same-Sex Marriage Script by Gay Canvasser",46,43,50,66
"No Contact",71,70,76,54
"No Contact",68,67,75,71
"No Contact",72,71,70,68
"Recycling Script by Straight Canvasser",29,27,33,27
"Recycling Script by Gay Canvasser",48,47,49,61
"Same-Sex Marriage Script by Gay Canvasser",85,91,81,79
"Recycling Script by Straight Canvasser",2,0,NA,0
"Same-Sex Marriage Script by Gay Canvasser",48,55,54,54
"Same-Sex Marriage Script by Gay Canvasser",25,28,18,31
"Same-Sex Marriage Script by Straight Canvasser",34,38,36,33
"No Contact",69,69,71,76
"No Contact",54,50,54,49
"Recycling Script by Straight Canvasser",71,65,69,70
"Same-Sex Marriage Script by Straight Canvasser",71,74,69,80
"Recycling Script by Gay Canvasser",78,77,75,82
"Same-Sex Marriage Script by Gay Canvasser",29,37,37,15
"Same-Sex Marriage Script by Gay Canvasser",34,38,43,26
"Same-Sex Marriage Script by Straight Canvasser",52,60,63,55
"No Contact",100,100,100,92
"Recycling Script by Straight Canvasser",28,33,43,37
"Same-Sex Marriage Script by Gay Canvasser",100,100,98,95
"Recycling Script by Straight Canvasser",67,75,54,71
"Recycling Script by Gay Canvasser",54,51,46,50
"Recycling Script by Straight Canvasser",57,61,54,60
"Recycling Script by Gay Canvasser",43,39,29,43
"Same-Sex Marriage Script by Gay Canvasser",100,100,100,100
"Recycling Script by Straight Canvasser",19,27,NA,11
"Same-Sex Marriage Script by Straight Canvasser",6,4,14,8
"Same-Sex Marriage Script by Gay Canvasser",77,74,86,75
"Recycling Script by Gay Canvasser",100,95,100,95
"Same-Sex Marriage Script by Gay Canvasser",73,60,63,80
"Same-Sex Marriage Script by Gay Canvasser",29,30,37,32
"Same-Sex Marriage Script by Gay Canvasser",44,45,44,NA
"Recycling Script by Gay Canvasser",39,33,43,34
"Same-Sex Marriage Script by Gay Canvasser",100,100,100,100
"Same-Sex Marriage Script by Straight Canvasser",0,2,0,10
"Recycling Script by Straight Canvasser",89,91,84,95
"Same-Sex Marriage Script by Straight Canvasser",58,52,62,57
"Same-Sex Marriage Script by Straight Canvasser",65,67,63,83
"Recycling Script by Gay Canvasser",74,76,69,71
"Same-Sex Marriage Script by Gay Canvasser",77,74,72,75
"No Contact",13,8,NA,18
"No Contact",43,43,38,48
"Same-Sex Marriage Script by Gay Canvasser",66,65,69,70
"Recycling Script by Gay Canvasser",81,80,88,77
"Recycling Script by Gay Canvasser",38,34,37,55
"No Contact",0,1,0,0
"Recycling Script by Gay Canvasser",37,37,46,29
"Recycling Script by Gay Canvasser",23,23,27,21
"No Contact",68,69,63,78
"Same-Sex Marriage Script by Gay Canvasser",59,54,NA,66
"Same-Sex Marriage Script by Straight Canvasser",64,57,56,70
"Recycling Script by Straight Canvasser",0,0,6,4
"Same-Sex Marriage Script by Straight Canvasser",29,28,26,31
"Same-Sex Marriage Script by Gay Canvasser",70,75,57,58
"Recycling Script by Gay Canvasser",22,21,25,31
"No Contact",55,53,56,46
"Same-Sex Marriage Script by Gay Canvasser",50,54,44,48
"Same-Sex Marriage Script by Straight Canvasser",66,66,73,66
"No Contact",100,92,100,100
"Recycling Script by Straight Canvasser",79,83,79,79
"No Contact",27,27,41,32
"Recycling Script by Gay Canvasser",85,83,87,76
"Recycling Script by Gay Canvasser",51,52,48,60
"Recycling Script by Gay Canvasser",91,88,85,100
"Recycling Script by Straight Canvasser",22,17,23,27
"Same-Sex Marriage Script by Gay Canvasser",47,46,51,54
"Same-Sex Marriage Script by Gay Canvasser",31,25,25,28
"No Contact",61,59,64,NA
"Recycling Script by Straight Canvasser",36,37,30,36
"Same-Sex Marriage Script by Gay Canvasser",12,12,NA,0
"Recycling Script by Gay Canvasser",53,54,58,54
"Recycling Script by Gay Canvasser",65,66,66,64
"No Contact",26,30,23,28
"Same-Sex Marriage Script by Gay Canvasser",29,38,21,40
"Same-Sex Marriage Script by Gay Canvasser",100,97,100,94
"Recycling Script by Straight Canvasser",63,67,58,59
"Recycling Script by Gay Canvasser",74,72,74,NA
"No Contact",80,82,78,77
"Same-Sex Marriage Script by Straight Canvasser",0,0,0,0
"Recycling Script by Straight Canvasser",77,70,75,81
"Recycling Script by Straight Canvasser",53,56,61,62
"No Contact",63,62,79,71
"Recycling Script by Gay Canvasser",44,43,43,49
"Same-Sex Marriage Script by Straight Canvasser",14,7,6,8
"Same-Sex Marriage Script by Gay Canvasser",64,60,56,63
"Same-Sex Marriage Script by Gay Canvasser",30,34,30,43
"No Contact",40,46,38,45
"Recycling Script by Straight Canvasser",28,36,30,24
"Recycling Script by Straight Canvasser",14,11,17,17
"No Contact",26,25,32,25
"Same-Sex Marriage Script by Straight Canvasser",72,64,70,74
"Recycling Script by Gay Canvasser",46,51,49,46
"Recycling Script by Gay Canvasser",6,0,3,8
"No Contact",78,81,73,NA
"Same-Sex Marriage Script by Gay Canvasser",89,100,87,81
"Recycling Script by Gay Canvasser",48,36,46,43
"Recycling Script by Straight Canvasser",36,33,43,35
"Same-Sex Marriage Script by Straight Canvasser",81,86,73,89
"Recycling Script by Straight Canvasser",90,86,96,94
"No Contact",69,74,79,72
"Same-Sex Marriage Script by Straight Canvasser",47,43,50,45
"Same-Sex Marriage Script by Gay Canvasser",46,47,51,36
"No Contact",93,88,79,NA
"No Contact",59,53,62,NA
"Same-Sex Marriage Script by Gay Canvasser",83,82,86,83
"No Contact",88,88,91,81
"Same-Sex Marriage Script by Gay Canvasser",16,12,2,4
"No Contact",54,61,63,56
"Same-Sex Marriage Script by Straight Canvasser",54,60,54,59
"Same-Sex Marriage Script by Gay Canvasser",83,79,84,NA
"Recycling Script by Gay Canvasser",69,70,77,73
"No Contact",6,5,10,15
"No Contact",56,57,53,55
"No Contact",85,78,72,NA
"Recycling Script by Gay Canvasser",81,84,78,86
"Same-Sex Marriage Script by Gay Canvasser",57,57,65,53
"Same-Sex Marriage Script by Straight Canvasser",16,22,16,27
"No Contact",36,31,39,35
"Recycling Script by Straight Canvasser",25,25,15,25
"Recycling Script by Gay Canvasser",54,60,50,47
"Same-Sex Marriage Script by Gay Canvasser",29,29,30,19
"No Contact",84,86,86,84
"No Contact",42,45,45,36
"No Contact",37,37,34,35
"Recycling Script by Straight Canvasser",33,28,NA,43
"Recycling Script by Gay Canvasser",76,82,77,78
"Recycling Script by Gay Canvasser",40,38,52,45
"Same-Sex Marriage Script by Gay Canvasser",46,48,41,44
"Recycling Script by Straight Canvasser",76,78,75,65
"No Contact",53,53,62,NA
"Recycling Script by Straight Canvasser",62,57,56,67
"Same-Sex Marriage Script by Gay Canvasser",48,37,43,34
"No Contact",46,53,50,43
"Recycling Script by Straight Canvasser",100,100,97,95
"Recycling Script by Straight Canvasser",67,64,75,56
"Recycling Script by Straight Canvasser",3,0,2,0
"No Contact",90,89,90,88
"Same-Sex Marriage Script by Gay Canvasser",82,76,88,88
"Same-Sex Marriage Script by Gay Canvasser",74,80,57,74
"Recycling Script by Gay Canvasser",27,24,20,22
"No Contact",19,21,25,21
"Same-Sex Marriage Script by Gay Canvasser",31,31,29,31
"Same-Sex Marriage Script by Gay Canvasser",100,100,100,100
"Recycling Script by Straight Canvasser",54,56,46,71
"Same-Sex Marriage Script by Gay Canvasser",51,47,47,NA
"No Contact",51,52,44,54
"Same-Sex Marriage Script by Gay Canvasser",67,68,69,59
"Recycling Script by Straight Canvasser",46,47,NA,40
"No Contact",100,100,91,100
"No Contact",38,35,42,31
"Recycling Script by Straight Canvasser",39,39,25,41
"Same-Sex Marriage Script by Gay Canvasser",9,9,9,11
"Recycling Script by Gay Canvasser",80,79,NA,80
"Same-Sex Marriage Script by Gay Canvasser",54,47,63,67
"No Contact",71,72,73,80
"Recycling Script by Straight Canvasser",22,21,27,21
"Same-Sex Marriage Script by Straight Canvasser",55,48,54,61
"Same-Sex Marriage Script by Straight Canvasser",85,89,78,87
"Same-Sex Marriage Script by Gay Canvasser",64,58,64,62
"Recycling Script by Gay Canvasser",63,67,68,63
"Recycling Script by Gay Canvasser",42,41,37,39
"Same-Sex Marriage Script by Gay Canvasser",56,51,51,63
"Same-Sex Marriage Script by Gay Canvasser",28,26,34,37
"No Contact",57,52,55,56
"Recycling Script by Gay Canvasser",0,5,NA,0
"Recycling Script by Gay Canvasser",41,43,43,52
"Recycling Script by Gay Canvasser",52,49,47,52
"Same-Sex Marriage Script by Gay Canvasser",81,85,83,82
"No Contact",60,62,60,49
"No Contact",49,39,44,NA
"Recycling Script by Gay Canvasser",100,95,90,100
"No Contact",28,38,30,NA
"No Contact",70,73,71,77
"Recycling Script by Gay Canvasser",34,32,32,19
"No Contact",90,88,85,93
"Same-Sex Marriage Script by Gay Canvasser",92,96,96,90
"Recycling Script by Straight Canvasser",66,62,68,60
"Same-Sex Marriage Script by Straight Canvasser",45,45,48,38
"Same-Sex Marriage Script by Straight Canvasser",67,61,NA,66
"No Contact",80,78,92,77
"Recycling Script by Gay Canvasser",23,19,21,34
"Recycling Script by Gay Canvasser",36,42,21,32
"Recycling Script by Gay Canvasser",0,0,0,0
"Recycling Script by Straight Canvasser",60,58,75,71
"No Contact",70,73,74,64
"Recycling Script by Gay Canvasser",100,100,100,100
"Recycling Script by Straight Canvasser",73,76,76,55
"Same-Sex Marriage Script by Straight Canvasser",72,72,74,66
"No Contact",83,82,89,89
"Recycling Script by Gay Canvasser",81,81,78,79
"Same-Sex Marriage Script by Straight Canvasser",100,100,100,97
"Same-Sex Marriage Script by Straight Canvasser",60,58,56,51
"Recycling Script by Straight Canvasser",88,88,91,90
"Recycling Script by Straight Canvasser",58,61,60,47
"Recycling Script by Gay Canvasser",49,43,44,52
"Same-Sex Marriage Script by Straight Canvasser",51,43,55,46
"Recycling Script by Straight Canvasser",16,18,16,15
"No Contact",26,29,27,27
"Recycling Script by Straight Canvasser",82,74,84,81
"No Contact",83,78,85,89
"Same-Sex Marriage Script by Straight Canvasser",8,11,6,5
"Recycling Script by Gay Canvasser",44,46,49,36
"Recycling Script by Straight Canvasser",42,37,45,47
"Same-Sex Marriage Script by Gay Canvasser",76,86,64,72
"Recycling Script by Gay Canvasser",51,46,56,55
"Recycling Script by Straight Canvasser",15,18,17,0
"Same-Sex Marriage Script by Straight Canvasser",85,86,88,77
"Recycling Script by Straight Canvasser",75,68,73,68
"Same-Sex Marriage Script by Straight Canvasser",60,65,51,55
"No Contact",55,56,53,63
"No Contact",52,54,50,55
"Recycling Script by Gay Canvasser",97,98,99,100
"Recycling Script by Straight Canvasser",89,87,89,80
"Same-Sex Marriage Script by Gay Canvasser",84,75,90,87
"Recycling Script by Gay Canvasser",59,62,64,63
"Same-Sex Marriage Script by Straight Canvasser",46,37,NA,42
"Same-Sex Marriage Script by Straight Canvasser",97,95,100,93
"No Contact",39,33,38,45
"Same-Sex Marriage Script by Gay Canvasser",100,100,93,100
"Same-Sex Marriage Script by Straight Canvasser",35,27,32,38
"Same-Sex Marriage Script by Straight Canvasser",21,20,12,11
"Recycling Script by Straight Canvasser",71,72,62,63
"No Contact",69,70,72,NA
"No Contact",76,74,78,74
"No Contact",31,31,42,31
"No Contact",76,82,82,81
"Same-Sex Marriage Script by Gay Canvasser",61,61,63,53
"No Contact",58,49,58,54
"Recycling Script by Gay Canvasser",93,86,97,94
"Same-Sex Marriage Script by Gay Canvasser",87,83,NA,85
"No Contact",24,26,22,28
"Recycling Script by Straight Canvasser",43,38,45,43
"Same-Sex Marriage Script by Gay Canvasser",43,48,NA,45
"Recycling Script by Gay Canvasser",61,64,61,69
"Recycling Script by Gay Canvasser",52,54,49,53
"Same-Sex Marriage Script by Straight Canvasser",57,58,47,NA
"Recycling Script by Straight Canvasser",100,94,100,100
"Same-Sex Marriage Script by Gay Canvasser",47,45,53,23
"Same-Sex Marriage Script by Gay Canvasser",71,70,77,59
"Recycling Script by Straight Canvasser",100,95,100,NA
"Same-Sex Marriage Script by Straight Canvasser",64,70,59,61
"Recycling Script by Straight Canvasser",39,40,46,31
"Recycling Script by Straight Canvasser",74,74,73,67
"Same-Sex Marriage Script by Straight Canvasser",52,53,35,NA
"Recycling Script by Gay Canvasser",57,64,52,63
"Same-Sex Marriage Script by Gay Canvasser",77,72,NA,70
"Recycling Script by Gay Canvasser",52,52,NA,56
"Same-Sex Marriage Script by Straight Canvasser",56,52,56,NA
"No Contact",33,27,38,NA
"Same-Sex Marriage Script by Straight Canvasser",16,23,7,19
"No Contact",2,0,10,6
"Same-Sex Marriage Script by Straight Canvasser",76,79,82,NA
"Recycling Script by Straight Canvasser",82,80,76,83
"Same-Sex Marriage Script by Straight Canvasser",43,31,42,61
"Recycling Script by Straight Canvasser",64,54,70,69
"Recycling Script by Straight Canvasser",50,59,NA,42
"No Contact",52,49,45,52
"Same-Sex Marriage Script by Straight Canvasser",41,40,34,59
"No Contact",52,56,51,NA
"Recycling Script by Gay Canvasser",50,45,50,45
"No Contact",82,81,66,73
"Same-Sex Marriage Script by Gay Canvasser",97,100,88,100
"Recycling Script by Gay Canvasser",87,86,90,88
"Recycling Script by Gay Canvasser",12,14,10,6
"Recycling Script by Straight Canvasser",77,73,84,78
"Same-Sex Marriage Script by Straight Canvasser",46,47,42,42
"Recycling Script by Straight Canvasser",30,23,31,22
"Same-Sex Marriage Script by Straight Canvasser",43,44,34,41
"Recycling Script by Straight Canvasser",29,29,34,22
"Same-Sex Marriage Script by Gay Canvasser",21,25,25,12
"Recycling Script by Straight Canvasser",85,91,97,95
"Recycling Script by Straight Canvasser",94,94,94,93
"No Contact",64,59,58,65
"Recycling Script by Straight Canvasser",85,89,77,91
"Recycling Script by Straight Canvasser",20,15,16,NA
"Same-Sex Marriage Script by Gay Canvasser",62,67,59,58
"Recycling Script by Gay Canvasser",100,97,98,100
"Recycling Script by Gay Canvasser",55,57,47,47
"Recycling Script by Straight Canvasser",85,77,79,90
"Same-Sex Marriage Script by Gay Canvasser",72,79,74,62
"Recycling Script by Gay Canvasser",44,50,43,34
"Same-Sex Marriage Script by Straight Canvasser",42,44,39,47
"No Contact",67,62,63,67
"Recycling Script by Straight Canvasser",76,75,77,81
"Recycling Script by Gay Canvasser",0,6,14,15
"Same-Sex Marriage Script by Straight Canvasser",41,46,47,38
"Same-Sex Marriage Script by Straight Canvasser",60,55,57,57
"Same-Sex Marriage Script by Straight Canvasser",59,69,48,55
"Same-Sex Marriage Script by Straight Canvasser",0,2,1,6
"Recycling Script by Gay Canvasser",27,27,32,27
"No Contact",78,78,77,67
"Recycling Script by Straight Canvasser",81,82,86,82
"No Contact",49,47,55,43
"No Contact",81,77,79,81
"No Contact",33,37,21,33
"Same-Sex Marriage Script by Straight Canvasser",72,72,76,76
"Recycling Script by Gay Canvasser",76,80,79,70
"Recycling Script by Gay Canvasser",83,80,82,89
"Recycling Script by Gay Canvasser",59,63,61,68
"Recycling Script by Gay Canvasser",48,45,40,47
"No Contact",81,79,83,74
"Same-Sex Marriage Script by Gay Canvasser",42,35,42,NA
"Recycling Script by Straight Canvasser",53,53,51,58
"Recycling Script by Straight Canvasser",21,21,15,21
"No Contact",69,74,67,70
"Same-Sex Marriage Script by Gay Canvasser",21,24,15,11
"Recycling Script by Straight Canvasser",16,18,14,16
"Same-Sex Marriage Script by Gay Canvasser",0,2,6,6
"No Contact",20,24,21,21
"Recycling Script by Straight Canvasser",59,61,53,55
"Same-Sex Marriage Script by Gay Canvasser",69,68,65,69
"No Contact",82,82,75,89
"Same-Sex Marriage Script by Straight Canvasser",60,62,57,51
"No Contact",61,67,59,60
"Same-Sex Marriage Script by Gay Canvasser",84,81,84,81
"Recycling Script by Gay Canvasser",100,100,100,100
"Same-Sex Marriage Script by Gay Canvasser",36,35,43,42
"Same-Sex Marriage Script by Straight Canvasser",40,33,53,42
"Recycling Script by Straight Canvasser",40,55,35,41
"No Contact",92,90,100,98
"Recycling Script by Straight Canvasser",93,92,100,99
"Recycling Script by Straight Canvasser",56,52,NA,43
"Same-Sex Marriage Script by Straight Canvasser",1,4,9,8
"Same-Sex Marriage Script by Straight Canvasser",98,96,94,100
"Recycling Script by Straight Canvasser",89,91,94,100
"No Contact",100,100,89,100
"Recycling Script by Straight Canvasser",22,28,24,18
"Same-Sex Marriage Script by Straight Canvasser",61,66,62,69
"Same-Sex Marriage Script by Gay Canvasser",100,97,97,87
"Recycling Script by Gay Canvasser",41,47,NA,37
"Recycling Script by Straight Canvasser",65,64,60,69
"No Contact",74,80,72,80
"Same-Sex Marriage Script by Straight Canvasser",100,99,100,100
"Recycling Script by Straight Canvasser",51,54,44,53
"Recycling Script by Straight Canvasser",84,91,79,80
"Recycling Script by Straight Canvasser",91,87,93,87
"No Contact",12,12,1,14
"Same-Sex Marriage Script by Gay Canvasser",46,60,52,41
"Same-Sex Marriage Script by Straight Canvasser",77,77,78,74
"Recycling Script by Gay Canvasser",60,62,64,60
"No Contact",56,58,67,44
"Recycling Script by Gay Canvasser",69,67,83,NA
"No Contact",59,56,65,65
"No Contact",100,100,100,97
"Same-Sex Marriage Script by Straight Canvasser",69,66,68,NA
"Same-Sex Marriage Script by Gay Canvasser",72,71,69,71
"Recycling Script by Gay Canvasser",6,1,9,12
"Same-Sex Marriage Script by Straight Canvasser",49,37,48,44
"Recycling Script by Straight Canvasser",87,92,85,82
"Same-Sex Marriage Script by Straight Canvasser",72,73,77,73
"No Contact",0,0,2,0
"Same-Sex Marriage Script by Gay Canvasser",82,80,90,89
"Recycling Script by Gay Canvasser",89,96,98,95
"No Contact",6,1,4,0
"Same-Sex Marriage Script by Straight Canvasser",43,46,40,41
"Recycling Script by Gay Canvasser",78,77,77,85
"Recycling Script by Straight Canvasser",17,19,13,17
"Same-Sex Marriage Script by Straight Canvasser",0,9,0,0
"Recycling Script by Straight Canvasser",71,78,63,64
"Same-Sex Marriage Script by Gay Canvasser",100,100,93,99
"Same-Sex Marriage Script by Gay Canvasser",0,0,4,1
"Recycling Script by Gay Canvasser",60,55,60,48
"Same-Sex Marriage Script by Gay Canvasser",44,43,44,NA
"Recycling Script by Gay Canvasser",51,45,43,40
"Same-Sex Marriage Script by Gay Canvasser",27,39,32,31
"Same-Sex Marriage Script by Straight Canvasser",25,18,42,28
"Same-Sex Marriage Script by Straight Canvasser",91,95,90,98
"Same-Sex Marriage Script by Gay Canvasser",55,54,51,55
"Same-Sex Marriage Script by Gay Canvasser",73,75,80,75
"No Contact",100,100,97,85
"Recycling Script by Straight Canvasser",100,100,100,98
"Same-Sex Marriage Script by Gay Canvasser",75,77,70,74
"No Contact",62,61,47,62
"Recycling Script by Straight Canvasser",100,98,100,100
"Recycling Script by Gay Canvasser",96,100,100,99
"Same-Sex Marriage Script by Gay Canvasser",79,77,80,83
"Same-Sex Marriage Script by Straight Canvasser",50,55,51,42
"Recycling Script by Straight Canvasser",64,68,68,69
"Recycling Script by Gay Canvasser",46,54,54,57
"Recycling Script by Straight Canvasser",86,87,88,77
"Recycling Script by Straight Canvasser",92,89,93,88
"Recycling Script by Straight Canvasser",66,63,60,64
"Same-Sex Marriage Script by Straight Canvasser",0,1,14,7
"Recycling Script by Gay Canvasser",5,5,NA,8
"No Contact",56,53,73,57
"Recycling Script by Straight Canvasser",69,68,69,66
"Recycling Script by Straight Canvasser",34,36,41,33
"Recycling Script by Straight Canvasser",81,81,88,90
"Recycling Script by Gay Canvasser",78,73,66,72
"Same-Sex Marriage Script by Straight Canvasser",90,90,81,NA
"Same-Sex Marriage Script by Straight Canvasser",86,87,72,NA
"Same-Sex Marriage Script by Gay Canvasser",11,13,13,11
"Same-Sex Marriage Script by Straight Canvasser",98,100,88,95
"Recycling Script by Gay Canvasser",66,70,60,63
"Same-Sex Marriage Script by Gay Canvasser",61,56,63,73
"Recycling Script by Straight Canvasser",76,77,67,75
"Same-Sex Marriage Script by Straight Canvasser",53,55,60,53
"No Contact",92,85,85,89
"No Contact",53,47,50,61
"Same-Sex Marriage Script by Gay Canvasser",54,57,48,63
"Same-Sex Marriage Script by Gay Canvasser",21,23,17,25
"No Contact",79,73,83,93
"Same-Sex Marriage Script by Straight Canvasser",40,31,42,42
"Recycling Script by Gay Canvasser",12,10,15,13
"Same-Sex Marriage Script by Straight Canvasser",49,56,40,45
"Same-Sex Marriage Script by Gay Canvasser",81,75,79,76
"No Contact",44,44,38,39
"No Contact",47,51,47,54
"Recycling Script by Straight Canvasser",67,68,NA,NA
"Same-Sex Marriage Script by Straight Canvasser",57,60,49,41
"Same-Sex Marriage Script by Straight Canvasser",86,88,84,83
"Same-Sex Marriage Script by Straight Canvasser",96,99,93,89
"Same-Sex Marriage Script by Straight Canvasser",83,82,76,86
"Same-Sex Marriage Script by Gay Canvasser",97,98,81,100
"No Contact",37,39,27,39
"Same-Sex Marriage Script by Straight Canvasser",60,58,NA,58
"Recycling Script by Gay Canvasser",81,84,79,74
"Same-Sex Marriage Script by Straight Canvasser",37,39,46,46
"Same-Sex Marriage Script by Gay Canvasser",87,89,99,82
"Recycling Script by Straight Canvasser",63,71,56,67
"No Contact",15,12,12,24
"Same-Sex Marriage Script by Straight Canvasser",64,62,67,NA
"Recycling Script by Gay Canvasser",100,93,98,100
"Recycling Script by Gay Canvasser",31,22,24,22
"No Contact",99,95,100,92
"No Contact",69,62,73,66
"Recycling Script by Gay Canvasser",2,1,0,0
"Same-Sex Marriage Script by Gay Canvasser",33,32,36,33
"No Contact",78,83,79,87
"Same-Sex Marriage Script by Gay Canvasser",29,31,26,25
"Same-Sex Marriage Script by Straight Canvasser",84,81,78,89
"No Contact",82,84,78,85
"Same-Sex Marriage Script by Gay Canvasser",53,43,NA,62
"No Contact",0,7,10,6
"Same-Sex Marriage Script by Gay Canvasser",54,53,51,57
"Same-Sex Marriage Script by Straight Canvasser",49,50,38,52
"Recycling Script by Straight Canvasser",39,46,NA,21
"Same-Sex Marriage Script by Gay Canvasser",40,43,53,29
"Recycling Script by Straight Canvasser",30,34,39,NA
"Recycling Script by Straight Canvasser",42,36,36,33
"Same-Sex Marriage Script by Gay Canvasser",85,80,82,97
"Same-Sex Marriage Script by Gay Canvasser",56,62,58,59
"No Contact",54,51,57,62
"Recycling Script by Gay Canvasser",81,78,86,76
"No Contact",58,57,55,58
"Same-Sex Marriage Script by Gay Canvasser",84,77,80,86
"Same-Sex Marriage Script by Gay Canvasser",17,22,17,NA
"No Contact",56,71,53,68
"Recycling Script by Straight Canvasser",100,93,98,100
"Same-Sex Marriage Script by Straight Canvasser",100,93,94,100
"Same-Sex Marriage Script by Straight Canvasser",68,69,NA,60
"Same-Sex Marriage Script by Gay Canvasser",54,54,51,38
"Recycling Script by Gay Canvasser",8,8,NA,3
"Recycling Script by Straight Canvasser",25,19,32,42
"Same-Sex Marriage Script by Gay Canvasser",58,60,57,63
"No Contact",56,61,53,59
"No Contact",45,36,49,53
"Same-Sex Marriage Script by Straight Canvasser",49,49,50,53
"Recycling Script by Gay Canvasser",60,61,70,59
"Recycling Script by Straight Canvasser",45,41,36,41
"Recycling Script by Straight Canvasser",48,47,51,32
"Recycling Script by Straight Canvasser",68,62,73,67
"Recycling Script by Straight Canvasser",67,72,64,52
"Same-Sex Marriage Script by Straight Canvasser",64,55,58,76
"Same-Sex Marriage Script by Straight Canvasser",44,47,51,44
"No Contact",43,35,46,42
"Recycling Script by Straight Canvasser",33,33,30,31
"Same-Sex Marriage Script by Gay Canvasser",70,68,73,67
"No Contact",46,41,43,47
"Same-Sex Marriage Script by Straight Canvasser",67,61,67,78
"No Contact",57,56,60,63
"Recycling Script by Gay Canvasser",45,49,41,47
"Same-Sex Marriage Script by Gay Canvasser",47,47,57,46
"Same-Sex Marriage Script by Straight Canvasser",71,78,72,74
"No Contact",62,70,65,69
"Recycling Script by Straight Canvasser",47,47,NA,54
"No Contact",33,30,30,31
"Recycling Script by Straight Canvasser",33,38,38,30
"No Contact",56,50,46,51
"Recycling Script by Straight Canvasser",7,11,NA,8
"Recycling Script by Gay Canvasser",63,65,69,61
"Recycling Script by Straight Canvasser",24,23,31,22
"Same-Sex Marriage Script by Straight Canvasser",52,51,43,48
"No Contact",100,100,100,92
"Same-Sex Marriage Script by Gay Canvasser",100,100,100,96
"Recycling Script by Straight Canvasser",48,48,45,56
"Recycling Script by Straight Canvasser",44,47,48,41
"Recycling Script by Gay Canvasser",40,42,40,31
"Recycling Script by Gay Canvasser",76,71,74,68
"Same-Sex Marriage Script by Gay Canvasser",39,35,26,40
"Same-Sex Marriage Script by Gay Canvasser",75,73,65,87
"Recycling Script by Straight Canvasser",84,88,79,91
"Same-Sex Marriage Script by Straight Canvasser",82,82,86,79
"Same-Sex Marriage Script by Straight Canvasser",48,51,48,47
"No Contact",58,62,55,66
"No Contact",18,27,14,30
"Recycling Script by Gay Canvasser",80,73,83,82
"Same-Sex Marriage Script by Straight Canvasser",22,20,NA,23
"No Contact",51,48,57,37
"Recycling Script by Straight Canvasser",78,77,82,81
"No Contact",70,77,67,71
"Same-Sex Marriage Script by Gay Canvasser",74,81,76,89
"No Contact",52,52,60,62
"Same-Sex Marriage Script by Straight Canvasser",94,95,93,90
"Same-Sex Marriage Script by Straight Canvasser",95,100,100,92
"Same-Sex Marriage Script by Gay Canvasser",50,49,44,46
"Recycling Script by Gay Canvasser",46,37,44,41
"Recycling Script by Gay Canvasser",26,17,21,19
"Same-Sex Marriage Script by Gay Canvasser",31,39,NA,35
"No Contact",33,27,30,30
"Same-Sex Marriage Script by Straight Canvasser",95,98,100,96
"Recycling Script by Gay Canvasser",70,76,66,71
"Recycling Script by Gay Canvasser",27,22,14,30
"Recycling Script by Gay Canvasser",21,28,18,17
"Same-Sex Marriage Script by Gay Canvasser",39,43,37,52
"Same-Sex Marriage Script by Gay Canvasser",26,35,24,24
"No Contact",82,78,67,90
"Same-Sex Marriage Script by Straight Canvasser",23,21,26,20
"Recycling Script by Gay Canvasser",49,48,58,NA
"Recycling Script by Straight Canvasser",32,34,40,38
"Same-Sex Marriage Script by Gay Canvasser",13,8,10,9
"Recycling Script by Gay Canvasser",42,49,39,43
"Same-Sex Marriage Script by Gay Canvasser",54,59,54,60
"Same-Sex Marriage Script by Straight Canvasser",67,62,67,61
"No Contact",76,70,79,87
"Same-Sex Marriage Script by Gay Canvasser",16,16,17,25
"Same-Sex Marriage Script by Straight Canvasser",70,69,66,54
"Recycling Script by Straight Canvasser",56,58,56,49
"Recycling Script by Straight Canvasser",49,53,49,41
"Recycling Script by Gay Canvasser",82,91,69,94
"Recycling Script by Straight Canvasser",80,84,74,83
"No Contact",27,28,32,24
"No Contact",14,16,NA,3
"Recycling Script by Straight Canvasser",52,52,46,39
"Same-Sex Marriage Script by Gay Canvasser",45,36,56,63
"Recycling Script by Straight Canvasser",100,100,99,100
"Recycling Script by Straight Canvasser",87,87,91,85
"Same-Sex Marriage Script by Straight Canvasser",82,81,89,84
"No Contact",42,48,51,48
"Same-Sex Marriage Script by Straight Canvasser",25,22,19,23
"Recycling Script by Straight Canvasser",37,36,29,43
"Same-Sex Marriage Script by Gay Canvasser",59,59,63,50
"Recycling Script by Gay Canvasser",47,39,37,NA
"Same-Sex Marriage Script by Straight Canvasser",69,64,70,75
"Recycling Script by Gay Canvasser",11,16,11,NA
"Same-Sex Marriage Script by Straight Canvasser",55,53,62,38
"Same-Sex Marriage Script by Straight Canvasser",65,60,71,64
"Same-Sex Marriage Script by Straight Canvasser",48,39,42,56
"Same-Sex Marriage Script by Straight Canvasser",36,34,41,44
"Same-Sex Marriage Script by Straight Canvasser",100,90,100,100
"No Contact",44,38,45,47
"Same-Sex Marriage Script by Gay Canvasser",76,79,74,71
"Recycling Script by Gay Canvasser",56,55,65,50
"Same-Sex Marriage Script by Gay Canvasser",100,93,96,85
"Same-Sex Marriage Script by Gay Canvasser",19,14,11,15
"Recycling Script by Gay Canvasser",38,48,43,NA
"Recycling Script by Gay Canvasser",68,71,58,81
"Same-Sex Marriage Script by Gay Canvasser",66,68,68,58
"Same-Sex Marriage Script by Gay Canvasser",75,77,NA,80
"No Contact",43,44,37,35
"Recycling Script by Gay Canvasser",1,9,8,2
"Recycling Script by Gay Canvasser",35,35,24,42
"Recycling Script by Straight Canvasser",86,85,86,91
"Same-Sex Marriage Script by Straight Canvasser",92,87,89,87
"Recycling Script by Straight Canvasser",33,40,34,39
"Recycling Script by Straight Canvasser",55,55,50,65
"Recycling Script by Gay Canvasser",48,53,37,44
"Recycling Script by Gay Canvasser",74,74,71,66
"Recycling Script by Straight Canvasser",100,97,100,100
"Recycling Script by Gay Canvasser",27,25,25,NA
"Same-Sex Marriage Script by Straight Canvasser",100,100,88,NA
"No Contact",27,29,26,22
"Same-Sex Marriage Script by Straight Canvasser",77,79,88,80
"Same-Sex Marriage Script by Straight Canvasser",72,77,66,75
"Recycling Script by Gay Canvasser",94,100,86,95
"No Contact",87,92,91,NA
"Recycling Script by Straight Canvasser",47,47,47,52
"No Contact",74,71,NA,72
"Recycling Script by Gay Canvasser",29,35,23,24
"Recycling Script by Straight Canvasser",94,100,100,95
"Recycling Script by Straight Canvasser",30,31,26,26
"Recycling Script by Straight Canvasser",95,100,100,100
"Recycling Script by Gay Canvasser",25,20,23,NA
"Same-Sex Marriage Script by Gay Canvasser",74,74,77,74
"Same-Sex Marriage Script by Straight Canvasser",79,79,74,64
"Same-Sex Marriage Script by Gay Canvasser",84,84,84,85
"Same-Sex Marriage Script by Straight Canvasser",82,85,78,85
"Same-Sex Marriage Script by Straight Canvasser",50,48,54,49
"Same-Sex Marriage Script by Gay Canvasser",53,51,58,66
"Recycling Script by Straight Canvasser",59,56,66,69
"No Contact",37,27,46,37
"Same-Sex Marriage Script by Straight Canvasser",69,71,80,68
"Same-Sex Marriage Script by Straight Canvasser",69,71,61,62
"Same-Sex Marriage Script by Straight Canvasser",59,55,60,71
"Recycling Script by Gay Canvasser",53,53,54,57
"Same-Sex Marriage Script by Gay Canvasser",53,47,63,57
"Recycling Script by Gay Canvasser",26,19,26,18
"Recycling Script by Gay Canvasser",100,100,100,94
"Recycling Script by Straight Canvasser",69,67,57,60
"Same-Sex Marriage Script by Straight Canvasser",100,98,100,94
"Recycling Script by Straight Canvasser",45,49,NA,51
"Recycling Script by Gay Canvasser",34,35,30,41
"Same-Sex Marriage Script by Gay Canvasser",64,65,65,60
"Recycling Script by Straight Canvasser",100,100,100,98
"Same-Sex Marriage Script by Straight Canvasser",51,48,39,50
"No Contact",26,30,25,14
"No Contact",37,24,30,32
"Recycling Script by Straight Canvasser",78,89,77,77
"Same-Sex Marriage Script by Straight Canvasser",62,61,74,70
"Recycling Script by Straight Canvasser",16,9,19,12
"No Contact",57,60,55,54
"Recycling Script by Gay Canvasser",59,53,55,56
"Same-Sex Marriage Script by Straight Canvasser",75,81,81,NA
"Recycling Script by Straight Canvasser",94,93,92,91
"Recycling Script by Straight Canvasser",62,66,NA,74
"Recycling Script by Straight Canvasser",68,64,61,60
"Recycling Script by Straight Canvasser",0,0,0,NA
"No Contact",100,100,97,98
"No Contact",45,47,40,43
"Same-Sex Marriage Script by Straight Canvasser",50,53,46,58
"Same-Sex Marriage Script by Gay Canvasser",26,20,26,40
"Recycling Script by Straight Canvasser",45,44,40,NA
"No Contact",52,49,53,62
"No Contact",58,47,64,54
"Same-Sex Marriage Script by Straight Canvasser",46,42,61,52
"Same-Sex Marriage Script by Straight Canvasser",52,50,51,62
"Recycling Script by Gay Canvasser",87,86,87,86
"Recycling Script by Straight Canvasser",100,97,100,100
"Same-Sex Marriage Script by Straight Canvasser",76,74,83,75
"Same-Sex Marriage Script by Gay Canvasser",100,100,99,100
"Same-Sex Marriage Script by Gay Canvasser",100,98,92,94
"No Contact",55,51,57,53
"Recycling Script by Straight Canvasser",100,100,91,100
"Recycling Script by Gay Canvasser",79,85,72,81
"Recycling Script by Straight Canvasser",31,24,21,36
"Same-Sex Marriage Script by Gay Canvasser",0,0,0,11
"Same-Sex Marriage Script by Gay Canvasser",12,13,7,19
"Recycling Script by Gay Canvasser",83,83,85,83
"Same-Sex Marriage Script by Straight Canvasser",39,41,31,49
"No Contact",64,63,70,63
"Same-Sex Marriage Script by Gay Canvasser",71,65,75,71
"Same-Sex Marriage Script by Gay Canvasser",58,53,50,60
"No Contact",0,0,7,0
"Recycling Script by Straight Canvasser",59,57,60,64
"Same-Sex Marriage Script by Gay Canvasser",16,11,22,1
"Recycling Script by Straight Canvasser",76,70,72,78
"Same-Sex Marriage Script by Gay Canvasser",71,71,76,59
"Recycling Script by Gay Canvasser",91,100,86,92
"No Contact",43,41,43,39
"Same-Sex Marriage Script by Gay Canvasser",89,94,92,99
"Recycling Script by Straight Canvasser",49,56,61,50
"Recycling Script by Gay Canvasser",100,100,100,87
"Recycling Script by Straight Canvasser",55,54,50,54
"Recycling Script by Straight Canvasser",29,25,26,31
"Recycling Script by Straight Canvasser",56,60,55,66
"Same-Sex Marriage Script by Straight Canvasser",28,28,34,31
"Recycling Script by Gay Canvasser",8,1,4,8
"No Contact",18,21,18,11
"Same-Sex Marriage Script by Gay Canvasser",39,43,37,30
"No Contact",33,32,39,21
"Recycling Script by Straight Canvasser",22,23,NA,26
"Recycling Script by Gay Canvasser",54,54,57,56
"Recycling Script by Gay Canvasser",39,36,26,37
"Recycling Script by Straight Canvasser",88,93,NA,NA
"No Contact",39,39,34,38
"Recycling Script by Straight Canvasser",100,95,94,100
"Recycling Script by Straight Canvasser",93,87,89,90
"Same-Sex Marriage Script by Straight Canvasser",59,68,58,64
"No Contact",35,47,31,36
"Recycling Script by Gay Canvasser",67,72,68,59
"Recycling Script by Straight Canvasser",78,88,74,90
"Same-Sex Marriage Script by Gay Canvasser",18,20,19,23
"Recycling Script by Gay Canvasser",100,100,91,97
"Same-Sex Marriage Script by Straight Canvasser",100,100,100,100
"No Contact",79,87,81,80
"No Contact",69,66,65,70
"Same-Sex Marriage Script by Straight Canvasser",38,39,50,27
"Recycling Script by Straight Canvasser",25,21,21,28
"Recycling Script by Gay Canvasser",50,54,52,39
"Recycling Script by Gay Canvasser",68,60,67,71
"Recycling Script by Gay Canvasser",100,100,96,93
"Same-Sex Marriage Script by Straight Canvasser",46,44,47,57
"Same-Sex Marriage Script by Straight Canvasser",76,72,67,73
"Same-Sex Marriage Script by Gay Canvasser",10,20,6,17
"Recycling Script by Straight Canvasser",57,58,62,44
"Same-Sex Marriage Script by Gay Canvasser",95,94,100,97
"Same-Sex Marriage Script by Straight Canvasser",65,61,68,57
"No Contact",74,71,70,NA
"Same-Sex Marriage Script by Gay Canvasser",100,98,96,NA
"No Contact",39,41,45,42
"Same-Sex Marriage Script by Straight Canvasser",21,18,20,6
"Same-Sex Marriage Script by Gay Canvasser",35,31,34,44
"Same-Sex Marriage Script by Gay Canvasser",100,100,100,85
"Same-Sex Marriage Script by Gay Canvasser",90,93,NA,89
"Same-Sex Marriage Script by Straight Canvasser",52,47,52,60
"Same-Sex Marriage Script by Straight Canvasser",49,48,46,48
"Recycling Script by Straight Canvasser",44,43,51,47
"Recycling Script by Gay Canvasser",85,82,83,94
"Same-Sex Marriage Script by Straight Canvasser",70,63,NA,85
"Recycling Script by Gay Canvasser",52,53,59,58
"Recycling Script by Gay Canvasser",91,95,78,80
"No Contact",90,92,93,93
"Recycling Script by Straight Canvasser",84,96,76,85
"Same-Sex Marriage Script by Straight Canvasser",92,97,83,91
"Same-Sex Marriage Script by Straight Canvasser",44,53,60,39
"Recycling Script by Straight Canvasser",0,5,3,0
"Same-Sex Marriage Script by Straight Canvasser",49,49,43,58
"Recycling Script by Straight Canvasser",69,65,68,81
"Recycling Script by Gay Canvasser",50,50,39,51
"Same-Sex Marriage Script by Straight Canvasser",12,17,12,0
"Same-Sex Marriage Script by Gay Canvasser",96,100,94,100
"Same-Sex Marriage Script by Gay Canvasser",50,45,52,57
"Same-Sex Marriage Script by Straight Canvasser",53,52,59,54
"Same-Sex Marriage Script by Straight Canvasser",2,4,0,13
"No Contact",42,39,40,44
"Same-Sex Marriage Script by Gay Canvasser",0,0,0,2
"Recycling Script by Straight Canvasser",41,31,NA,40
"Recycling Script by Straight Canvasser",27,35,30,23
"Same-Sex Marriage Script by Gay Canvasser",43,45,NA,46
"No Contact",67,68,66,72
"Same-Sex Marriage Script by Straight Canvasser",61,56,59,61
"Recycling Script by Straight Canvasser",61,56,63,48
"Recycling Script by Gay Canvasser",65,62,69,64
"No Contact",70,73,68,70
"Recycling Script by Straight Canvasser",82,73,92,85
"Same-Sex Marriage Script by Gay Canvasser",43,45,38,42
"Recycling Script by Straight Canvasser",88,84,98,100
"Recycling Script by Straight Canvasser",87,80,90,100
"Same-Sex Marriage Script by Gay Canvasser",44,42,42,49
"Same-Sex Marriage Script by Gay Canvasser",25,31,27,33
"No Contact",76,80,74,71
"Same-Sex Marriage Script by Straight Canvasser",37,36,40,25
"Same-Sex Marriage Script by Gay Canvasser",43,42,53,43
"Same-Sex Marriage Script by Gay Canvasser",43,39,39,39
"Same-Sex Marriage Script by Gay Canvasser",16,13,9,29
"Same-Sex Marriage Script by Straight Canvasser",57,64,56,50
"Recycling Script by Straight Canvasser",62,60,65,70
"Recycling Script by Straight Canvasser",84,79,83,86
"Recycling Script by Gay Canvasser",13,8,NA,0
"Recycling Script by Gay Canvasser",0,0,0,0
"Same-Sex Marriage Script by Straight Canvasser",31,20,33,30
"Same-Sex Marriage Script by Straight Canvasser",75,72,77,86
"Recycling Script by Straight Canvasser",42,42,40,35
"Recycling Script by Straight Canvasser",92,94,99,94
"Recycling Script by Gay Canvasser",92,90,NA,85
"Same-Sex Marriage Script by Gay Canvasser",61,70,58,74
"No Contact",100,97,96,88
"Same-Sex Marriage Script by Straight Canvasser",45,41,NA,47
"Recycling Script by Straight Canvasser",49,54,50,34
"No Contact",36,43,33,37
"Same-Sex Marriage Script by Gay Canvasser",0,0,0,0
"Same-Sex Marriage Script by Straight Canvasser",69,78,72,68
"Same-Sex Marriage Script by Gay Canvasser",27,31,19,43
"Same-Sex Marriage Script by Gay Canvasser",70,77,69,NA
"No Contact",40,34,47,47
"Recycling Script by Straight Canvasser",24,26,24,NA
"Same-Sex Marriage Script by Gay Canvasser",65,71,66,59
"Same-Sex Marriage Script by Gay Canvasser",54,57,58,58
"Same-Sex Marriage Script by Straight Canvasser",36,41,28,26
"Same-Sex Marriage Script by Straight Canvasser",32,32,22,35
"No Contact",55,53,NA,54
"No Contact",100,100,100,100
"Same-Sex Marriage Script by Straight Canvasser",66,63,83,68
"Recycling Script by Gay Canvasser",95,91,94,89
"No Contact",100,100,95,98
"Recycling Script by Gay Canvasser",52,59,55,49
"Recycling Script by Straight Canvasser",21,18,NA,20
"Same-Sex Marriage Script by Gay Canvasser",51,55,45,47
"No Contact",79,88,NA,80
"No Contact",71,71,70,59
"Same-Sex Marriage Script by Gay Canvasser",47,46,51,46
"Recycling Script by Straight Canvasser",45,48,46,39
"Recycling Script by Straight Canvasser",85,93,80,NA
"Recycling Script by Straight Canvasser",86,91,81,91
"No Contact",65,65,66,60
"No Contact",80,81,85,88
"Same-Sex Marriage Script by Straight Canvasser",12,23,16,11
"No Contact",17,11,11,19
"No Contact",72,72,68,69
"Recycling Script by Gay Canvasser",13,9,10,10
"Same-Sex Marriage Script by Gay Canvasser",0,2,3,6
"Recycling Script by Straight Canvasser",52,59,51,66
"Same-Sex Marriage Script by Gay Canvasser",55,61,55,60
"Same-Sex Marriage Script by Gay Canvasser",75,84,70,81
"Same-Sex Marriage Script by Gay Canvasser",71,67,78,62
"Recycling Script by Straight Canvasser",100,98,88,95
"No Contact",73,71,68,68
"Recycling Script by Gay Canvasser",37,42,35,36
"Recycling Script by Straight Canvasser",22,21,28,29
"Recycling Script by Gay Canvasser",53,49,57,57
"Recycling Script by Gay Canvasser",54,51,52,66
"Recycling Script by Straight Canvasser",20,19,19,12
"Same-Sex Marriage Script by Gay Canvasser",37,41,34,44
"No Contact",30,29,29,27
"Recycling Script by Straight Canvasser",41,40,50,33
"No Contact",72,78,62,81
"Recycling Script by Gay Canvasser",36,39,34,36
"No Contact",100,100,100,98
"Recycling Script by Gay Canvasser",36,49,32,44
"Recycling Script by Gay Canvasser",60,66,61,56
"Same-Sex Marriage Script by Straight Canvasser",46,46,42,42
"Recycling Script by Straight Canvasser",59,53,61,61
"Recycling Script by Gay Canvasser",17,19,13,12
"Same-Sex Marriage Script by Gay Canvasser",56,64,63,52
"Recycling Script by Straight Canvasser",51,55,57,51
"Same-Sex Marriage Script by Straight Canvasser",26,34,29,28
"Recycling Script by Straight Canvasser",65,65,59,69
"Same-Sex Marriage Script by Gay Canvasser",29,22,31,NA
"No Contact",47,46,49,30
"Same-Sex Marriage Script by Gay Canvasser",75,75,66,86
"Same-Sex Marriage Script by Straight Canvasser",9,4,0,9
"Same-Sex Marriage Script by Straight Canvasser",90,80,97,NA
"Same-Sex Marriage Script by Straight Canvasser",53,50,48,52
"Recycling Script by Gay Canvasser",64,69,64,56
"No Contact",100,100,90,93
"No Contact",89,96,NA,97
"Recycling Script by Gay Canvasser",53,57,51,73
"No Contact",15,7,23,16
"Same-Sex Marriage Script by Straight Canvasser",78,73,83,70
"Recycling Script by Gay Canvasser",31,33,28,30
"Same-Sex Marriage Script by Straight Canvasser",48,48,59,59
"No Contact",51,49,36,47
"No Contact",58,55,NA,50
"No Contact",52,60,51,50
"Recycling Script by Gay Canvasser",46,47,50,37
"Recycling Script by Gay Canvasser",41,51,36,46
"Same-Sex Marriage Script by Gay Canvasser",54,48,51,NA
"No Contact",63,63,61,62
"No Contact",93,87,100,100
"Recycling Script by Gay Canvasser",10,9,20,NA
"Same-Sex Marriage Script by Gay Canvasser",21,14,21,0
"Same-Sex Marriage Script by Straight Canvasser",54,59,53,64
"Recycling Script by Gay Canvasser",83,87,75,84
"Same-Sex Marriage Script by Straight Canvasser",80,83,88,78
"Recycling Script by Straight Canvasser",42,36,45,40
"Recycling Script by Gay Canvasser",52,54,51,55
"Recycling Script by Straight Canvasser",75,67,80,75
"Recycling Script by Gay Canvasser",75,70,82,58
"Same-Sex Marriage Script by Straight Canvasser",94,93,88,92
"Recycling Script by Straight Canvasser",52,40,55,58
"Same-Sex Marriage Script by Straight Canvasser",57,67,59,52
"Same-Sex Marriage Script by Straight Canvasser",1,1,0,2
"Same-Sex Marriage Script by Straight Canvasser",77,75,63,80
"No Contact",88,86,88,82
"Recycling Script by Straight Canvasser",63,65,70,48
"Recycling Script by Straight Canvasser",33,40,34,47
"No Contact",88,82,86,85
"Recycling Script by Straight Canvasser",35,42,26,30
"Same-Sex Marriage Script by Gay Canvasser",89,80,90,84
"No Contact",75,69,77,75
"Same-Sex Marriage Script by Gay Canvasser",49,50,44,49
"Recycling Script by Gay Canvasser",75,80,76,77
"No Contact",61,60,49,NA
"Recycling Script by Gay Canvasser",41,43,44,40
"Recycling Script by Straight Canvasser",5,1,2,5
"Recycling Script by Straight Canvasser",60,54,58,59
"Recycling Script by Gay Canvasser",50,52,55,52
"Same-Sex Marriage Script by Gay Canvasser",77,75,NA,62
"No Contact",46,46,39,53
"Same-Sex Marriage Script by Gay Canvasser",82,85,80,80
"Recycling Script by Straight Canvasser",83,85,88,78
"No Contact",50,43,42,48
"Recycling Script by Straight Canvasser",28,24,36,28
"Same-Sex Marriage Script by Straight Canvasser",63,56,60,71
"No Contact",67,63,67,65
"Same-Sex Marriage Script by Straight Canvasser",87,95,86,87
"Same-Sex Marriage Script by Gay Canvasser",48,48,49,36
"No Contact",57,61,60,55
"Same-Sex Marriage Script by Gay Canvasser",67,68,61,77
"Recycling Script by Gay Canvasser",80,82,70,85
"Same-Sex Marriage Script by Straight Canvasser",56,58,61,49
"Recycling Script by Straight Canvasser",56,52,59,59
"Same-Sex Marriage Script by Gay Canvasser",99,100,87,100
"Recycling Script by Gay Canvasser",71,83,73,67
"Same-Sex Marriage Script by Gay Canvasser",81,80,73,84
"Same-Sex Marriage Script by Straight Canvasser",33,31,29,31
"No Contact",63,59,59,67
"No Contact",47,44,55,59
"Recycling Script by Straight Canvasser",78,74,80,82
"No Contact",75,67,NA,73
"Same-Sex Marriage Script by Gay Canvasser",83,79,72,90
"Same-Sex Marriage Script by Straight Canvasser",100,100,98,100
"Recycling Script by Straight Canvasser",23,15,14,22
"No Contact",37,29,45,44
"No Contact",64,65,74,70
"Recycling Script by Gay Canvasser",50,47,56,52
"Same-Sex Marriage Script by Straight Canvasser",87,78,93,79
"Recycling Script by Straight Canvasser",47,45,48,38
"Recycling Script by Straight Canvasser",70,75,61,65
"No Contact",100,100,100,100
"Recycling Script by Straight Canvasser",76,86,76,81
"Same-Sex Marriage Script by Straight Canvasser",82,88,77,87
"Same-Sex Marriage Script by Gay Canvasser",41,44,49,55
"Recycling Script by Straight Canvasser",100,100,100,94
"Same-Sex Marriage Script by Straight Canvasser",16,16,25,0
"Same-Sex Marriage Script by Gay Canvasser",82,84,86,84
"Same-Sex Marriage Script by Gay Canvasser",37,37,37,32
"No Contact",38,38,37,29
"Same-Sex Marriage Script by Gay Canvasser",87,83,82,90
"Recycling Script by Gay Canvasser",24,28,25,24
"No Contact",35,30,NA,38
"Recycling Script by Straight Canvasser",62,65,54,64
"No Contact",25,17,29,22
"Same-Sex Marriage Script by Straight Canvasser",54,63,52,59
"Recycling Script by Straight Canvasser",60,62,53,65
"Same-Sex Marriage Script by Straight Canvasser",40,38,50,44
"Same-Sex Marriage Script by Straight Canvasser",85,86,84,80
"Same-Sex Marriage Script by Straight Canvasser",44,44,38,NA
"Same-Sex Marriage Script by Gay Canvasser",4,5,6,3
"No Contact",75,72,NA,84
"No Contact",63,67,66,60
"Recycling Script by Gay Canvasser",76,77,69,75
"Same-Sex Marriage Script by Gay Canvasser",99,92,100,94
"Same-Sex Marriage Script by Straight Canvasser",84,92,81,78
"Same-Sex Marriage Script by Gay Canvasser",68,64,72,73
"Same-Sex Marriage Script by Gay Canvasser",67,74,NA,65
"No Contact",45,49,39,42
"Same-Sex Marriage Script by Gay Canvasser",75,76,73,66
"Same-Sex Marriage Script by Straight Canvasser",71,66,74,62
"Same-Sex Marriage Script by Gay Canvasser",53,55,62,NA
"No Contact",34,38,30,32
"Recycling Script by Straight Canvasser",64,65,71,60
"No Contact",100,100,100,100
"No Contact",82,89,85,84
"Same-Sex Marriage Script by Gay Canvasser",57,65,53,51
"Recycling Script by Straight Canvasser",27,31,19,30
"Same-Sex Marriage Script by Gay Canvasser",74,71,66,77
"Recycling Script by Straight Canvasser",20,20,19,21
"Recycling Script by Straight Canvasser",66,70,63,72
"No Contact",54,61,53,55
"Same-Sex Marriage Script by Gay Canvasser",9,16,20,0
"Same-Sex Marriage Script by Gay Canvasser",57,58,59,53
"Same-Sex Marriage Script by Straight Canvasser",67,66,57,66
"Recycling Script by Gay Canvasser",79,80,73,80
"No Contact",32,28,45,36
"Recycling Script by Straight Canvasser",46,47,43,38
"Same-Sex Marriage Script by Straight Canvasser",50,45,NA,41
"No Contact",100,93,NA,88
"Same-Sex Marriage Script by Gay Canvasser",16,9,12,13
"Same-Sex Marriage Script by Gay Canvasser",100,100,100,100
"Recycling Script by Straight Canvasser",43,52,44,NA
"Recycling Script by Gay Canvasser",96,100,92,95
"Recycling Script by Gay Canvasser",10,14,9,4
"Recycling Script by Gay Canvasser",67,66,66,55
"Same-Sex Marriage Script by Gay Canvasser",32,42,25,42
"No Contact",4,0,8,6
"Recycling Script by Straight Canvasser",0,7,2,0
"Same-Sex Marriage Script by Straight Canvasser",77,81,70,78
"No Contact",39,33,48,48
"Recycling Script by Gay Canvasser",57,57,52,75
"Recycling Script by Straight Canvasser",50,50,45,52
"Recycling Script by Gay Canvasser",76,75,78,79
"No Contact",47,48,47,53
"Recycling Script by Gay Canvasser",100,99,NA,NA
"Same-Sex Marriage Script by Straight Canvasser",61,58,53,70
"Recycling Script by Straight Canvasser",47,40,44,43
"Same-Sex Marriage Script by Gay Canvasser",83,81,85,69
"No Contact",24,15,20,17
"Same-Sex Marriage Script by Gay Canvasser",59,61,NA,58
"Recycling Script by Gay Canvasser",21,17,26,19
"Same-Sex Marriage Script by Gay Canvasser",60,63,55,62
"No Contact",51,54,52,47
"No Contact",100,100,91,100
"Recycling Script by Straight Canvasser",79,85,NA,85
"Same-Sex Marriage Script by Straight Canvasser",69,73,65,78
"Recycling Script by Gay Canvasser",42,35,41,44
"Same-Sex Marriage Script by Gay Canvasser",100,100,97,83
"No Contact",45,42,NA,56
"Same-Sex Marriage Script by Straight Canvasser",45,40,56,37
"Same-Sex Marriage Script by Straight Canvasser",53,56,40,56
"Same-Sex Marriage Script by Gay Canvasser",0,0,0,0
"Same-Sex Marriage Script by Gay Canvasser",42,36,33,41
"No Contact",63,65,68,52
"No Contact",52,53,43,58
"Same-Sex Marriage Script by Straight Canvasser",57,54,48,66
"Same-Sex Marriage Script by Gay Canvasser",100,100,91,100
"No Contact",100,100,100,100
"Recycling Script by Gay Canvasser",41,39,47,48
"Same-Sex Marriage Script by Straight Canvasser",100,97,100,100
"Recycling Script by Gay Canvasser",71,67,81,65
"No Contact",53,56,NA,49
"Recycling Script by Straight Canvasser",53,50,47,58
"Same-Sex Marriage Script by Gay Canvasser",0,1,0,2
"Recycling Script by Straight Canvasser",44,49,44,38
"No Contact",90,88,82,99
"Same-Sex Marriage Script by Gay Canvasser",37,36,32,37
"No Contact",39,40,34,38
"Same-Sex Marriage Script by Gay Canvasser",73,79,73,74
"Recycling Script by Gay Canvasser",51,54,52,44
"No Contact",94,94,89,79
"Recycling Script by Gay Canvasser",57,54,68,68
"Recycling Script by Gay Canvasser",75,80,79,77
"No Contact",57,61,49,63
"Same-Sex Marriage Script by Straight Canvasser",60,70,57,52
"Recycling Script by Straight Canvasser",93,92,99,100
"Same-Sex Marriage Script by Straight Canvasser",100,100,86,100
"No Contact",49,48,NA,49
"Same-Sex Marriage Script by Straight Canvasser",11,10,20,9
"Recycling Script by Straight Canvasser",50,55,NA,55
"Recycling Script by Gay Canvasser",66,63,74,69
"Recycling Script by Straight Canvasser",78,81,79,81
"Recycling Script by Straight Canvasser",36,33,41,29
"Same-Sex Marriage Script by Gay Canvasser",88,88,97,NA
"Same-Sex Marriage Script by Straight Canvasser",75,78,75,71
"Recycling Script by Gay Canvasser",39,28,NA,42
"Same-Sex Marriage Script by Gay Canvasser",54,52,61,49
"Recycling Script by Gay Canvasser",60,47,58,65
"Same-Sex Marriage Script by Straight Canvasser",6,0,0,18
"Recycling Script by Straight Canvasser",92,88,84,100
"Recycling Script by Straight Canvasser",59,64,61,53
"Recycling Script by Gay Canvasser",38,42,34,38
"Same-Sex Marriage Script by Straight Canvasser",90,88,93,92
"No Contact",69,71,78,63
"Recycling Script by Straight Canvasser",49,43,37,50
"Same-Sex Marriage Script by Gay Canvasser",47,49,57,56
"Same-Sex Marriage Script by Straight Canvasser",24,32,34,22
"No Contact",75,83,75,88
"Same-Sex Marriage Script by Gay Canvasser",82,85,80,78
"No Contact",68,66,67,66
"Same-Sex Marriage Script by Straight Canvasser",66,67,NA,72
"Same-Sex Marriage Script by Straight Canvasser",100,93,100,100
"Same-Sex Marriage Script by Straight Canvasser",52,51,58,42
"No Contact",57,60,51,61
"Recycling Script by Straight Canvasser",46,44,40,37
"No Contact",24,23,28,13
"Recycling Script by Gay Canvasser",73,78,62,76
"Same-Sex Marriage Script by Straight Canvasser",23,27,22,27
"Recycling Script by Straight Canvasser",38,43,34,46
"Same-Sex Marriage Script by Straight Canvasser",71,73,73,75
"No Contact",51,56,55,55
"Recycling Script by Gay Canvasser",72,70,65,73
"Same-Sex Marriage Script by Gay Canvasser",74,75,75,84
"Same-Sex Marriage Script by Straight Canvasser",26,41,25,27
"Same-Sex Marriage Script by Straight Canvasser",78,79,77,84
"Recycling Script by Gay Canvasser",82,80,73,72
"Recycling Script by Gay Canvasser",56,56,58,48
"Same-Sex Marriage Script by Gay Canvasser",12,19,15,19
"Same-Sex Marriage Script by Gay Canvasser",17,20,NA,7
"Recycling Script by Gay Canvasser",94,99,99,98
"Recycling Script by Straight Canvasser",68,75,67,NA
"Same-Sex Marriage Script by Straight Canvasser",31,26,35,41
"Same-Sex Marriage Script by Gay Canvasser",57,58,57,67
"Same-Sex Marriage Script by Gay Canvasser",18,25,20,21
"Same-Sex Marriage Script by Gay Canvasser",28,23,24,26
"Recycling Script by Gay Canvasser",79,78,72,93
"Same-Sex Marriage Script by Straight Canvasser",74,73,79,79
"Same-Sex Marriage Script by Straight Canvasser",81,86,75,78
"Same-Sex Marriage Script by Gay Canvasser",70,72,75,76
"No Contact",79,76,85,63
"Same-Sex Marriage Script by Straight Canvasser",26,5,18,29
"No Contact",51,50,57,58
"No Contact",0,3,0,12
"Recycling Script by Gay Canvasser",36,31,44,26
"Same-Sex Marriage Script by Straight Canvasser",17,23,17,14
"Recycling Script by Gay Canvasser",51,51,57,38
"Same-Sex Marriage Script by Gay Canvasser",50,51,39,NA
"Same-Sex Marriage Script by Gay Canvasser",33,27,26,NA
"Recycling Script by Straight Canvasser",18,16,NA,9
"Recycling Script by Straight Canvasser",42,48,34,50
"Recycling Script by Gay Canvasser",74,73,77,71
"No Contact",73,80,74,68
"Same-Sex Marriage Script by Gay Canvasser",81,78,82,84
"Same-Sex Marriage Script by Straight Canvasser",100,100,97,98
"Recycling Script by Gay Canvasser",64,64,63,67
"Recycling Script by Straight Canvasser",66,64,64,66
"No Contact",66,62,66,70
"Same-Sex Marriage Script by Gay Canvasser",79,70,88,79
"Same-Sex Marriage Script by Gay Canvasser",66,75,69,NA
"Recycling Script by Straight Canvasser",42,46,58,36
"Recycling Script by Straight Canvasser",50,56,44,45
"Same-Sex Marriage Script by Straight Canvasser",89,93,92,94
"Recycling Script by Gay Canvasser",99,100,91,100
"Recycling Script by Gay Canvasser",31,27,30,NA
"No Contact",74,78,71,74
"Recycling Script by Gay Canvasser",40,46,41,37
"Same-Sex Marriage Script by Straight Canvasser",59,47,NA,60
"Recycling Script by Straight Canvasser",60,59,66,69
"No Contact",100,96,100,97
"Same-Sex Marriage Script by Straight Canvasser",64,64,70,64
"Same-Sex Marriage Script by Gay Canvasser",27,29,23,35
"Same-Sex Marriage Script by Gay Canvasser",44,44,56,50
"Same-Sex Marriage Script by Gay Canvasser",100,97,100,97
"Same-Sex Marriage Script by Gay Canvasser",48,52,62,42
"No Contact",54,52,48,54
"Same-Sex Marriage Script by Gay Canvasser",47,48,47,50
"Same-Sex Marriage Script by Gay Canvasser",39,39,36,44
"Recycling Script by Straight Canvasser",35,27,34,28
"Same-Sex Marriage Script by Gay Canvasser",65,68,63,66
"Same-Sex Marriage Script by Gay Canvasser",19,19,24,10
"No Contact",100,94,96,100
"Same-Sex Marriage Script by Straight Canvasser",52,60,56,42
"Same-Sex Marriage Script by Straight Canvasser",80,78,77,89
"Same-Sex Marriage Script by Gay Canvasser",62,72,59,NA
"Recycling Script by Gay Canvasser",68,73,66,68
"Recycling Script by Straight Canvasser",66,63,66,67
"Same-Sex Marriage Script by Gay Canvasser",60,68,59,64
"Same-Sex Marriage Script by Straight Canvasser",50,45,54,55
"Same-Sex Marriage Script by Gay Canvasser",71,73,74,61
"Recycling Script by Straight Canvasser",48,49,40,39
"No Contact",69,74,68,63
"Same-Sex Marriage Script by Straight Canvasser",15,17,11,8
"Same-Sex Marriage Script by Gay Canvasser",33,32,29,36
"Recycling Script by Straight Canvasser",20,25,23,17
"No Contact",34,32,37,35
"Recycling Script by Straight Canvasser",16,18,17,15
"Same-Sex Marriage Script by Gay Canvasser",33,33,42,31
"Recycling Script by Gay Canvasser",65,73,69,71
"Same-Sex Marriage Script by Straight Canvasser",0,5,NA,0
"Recycling Script by Straight Canvasser",12,17,14,13
"Same-Sex Marriage Script by Gay Canvasser",40,43,37,30
"Recycling Script by Straight Canvasser",98,100,100,93
"No Contact",31,14,NA,30
"Recycling Script by Straight Canvasser",91,94,NA,95
"Same-Sex Marriage Script by Gay Canvasser",60,65,63,66
"Recycling Script by Gay Canvasser",82,82,71,77
"Same-Sex Marriage Script by Gay Canvasser",100,87,100,100
"Recycling Script by Straight Canvasser",29,24,21,37
"Recycling Script by Gay Canvasser",67,68,70,69
"No Contact",70,68,79,65
"No Contact",81,90,81,83
"No Contact",40,40,36,47
"No Contact",79,84,82,77
"Same-Sex Marriage Script by Straight Canvasser",88,94,83,76
"No Contact",18,12,23,5
"Recycling Script by Straight Canvasser",48,50,48,49
"Same-Sex Marriage Script by Gay Canvasser",86,83,92,79
"No Contact",46,45,61,42
"Same-Sex Marriage Script by Gay Canvasser",62,64,NA,57
"Recycling Script by Gay Canvasser",35,32,39,35
"Same-Sex Marriage Script by Gay Canvasser",66,59,NA,65
"Recycling Script by Gay Canvasser",65,62,67,52
"Same-Sex Marriage Script by Straight Canvasser",55,61,50,64
"Same-Sex Marriage Script by Gay Canvasser",59,51,52,51
"Recycling Script by Gay Canvasser",57,55,58,60
"Same-Sex Marriage Script by Straight Canvasser",61,66,59,66
"No Contact",59,57,51,NA
"Same-Sex Marriage Script by Gay Canvasser",41,43,36,39
"No Contact",85,85,84,78
"Recycling Script by Gay Canvasser",92,92,85,93
"No Contact",100,100,96,100
"Same-Sex Marriage Script by Straight Canvasser",57,62,72,62
"Same-Sex Marriage Script by Gay Canvasser",100,96,88,100
"Same-Sex Marriage Script by Straight Canvasser",63,62,NA,NA
"Recycling Script by Gay Canvasser",41,47,37,NA
"No Contact",25,28,32,33
"Same-Sex Marriage Script by Gay Canvasser",91,86,94,95
"Recycling Script by Straight Canvasser",100,100,100,96
"No Contact",20,16,20,20
"Same-Sex Marriage Script by Gay Canvasser",38,37,39,25
"Same-Sex Marriage Script by Straight Canvasser",57,64,61,45
"Recycling Script by Straight Canvasser",4,0,NA,0
"Recycling Script by Straight Canvasser",62,54,58,71
"Same-Sex Marriage Script by Straight Canvasser",84,81,91,84
"No Contact",100,92,100,NA
"Recycling Script by Straight Canvasser",13,16,8,8
"Recycling Script by Gay Canvasser",46,55,48,42
"Same-Sex Marriage Script by Gay Canvasser",60,62,62,59
"Recycling Script by Straight Canvasser",66,67,60,72
"No Contact",62,66,59,67
"Recycling Script by Straight Canvasser",70,66,74,67
"Same-Sex Marriage Script by Gay Canvasser",62,60,62,70
"No Contact",42,44,56,50
"Same-Sex Marriage Script by Gay Canvasser",82,86,77,86
"No Contact",82,76,69,74
"No Contact",65,59,NA,60
"Same-Sex Marriage Script by Straight Canvasser",56,60,58,55
"Recycling Script by Straight Canvasser",66,73,74,60
"Recycling Script by Straight Canvasser",83,86,79,85
"Same-Sex Marriage Script by Straight Canvasser",56,54,NA,48
"Same-Sex Marriage Script by Straight Canvasser",88,87,NA,97
"Recycling Script by Gay Canvasser",40,36,32,44
"Same-Sex Marriage Script by Straight Canvasser",24,24,30,32
"Same-Sex Marriage Script by Straight Canvasser",76,80,80,72
"Same-Sex Marriage Script by Straight Canvasser",60,56,48,52
"Recycling Script by Straight Canvasser",41,46,38,47
"Same-Sex Marriage Script by Straight Canvasser",77,74,71,79
"No Contact",100,100,100,100
"Recycling Script by Straight Canvasser",63,58,60,81
"Same-Sex Marriage Script by Gay Canvasser",34,32,31,NA
"No Contact",42,39,43,46
"Same-Sex Marriage Script by Gay Canvasser",15,24,22,NA
"Same-Sex Marriage Script by Straight Canvasser",100,100,100,100
"Same-Sex Marriage Script by Gay Canvasser",23,16,21,19
"Recycling Script by Straight Canvasser",21,16,28,19
"Recycling Script by Straight Canvasser",92,91,96,81
"No Contact",58,58,60,74
"Recycling Script by Gay Canvasser",100,100,99,100
"Recycling Script by Gay Canvasser",58,62,53,59
"No Contact",25,25,14,11
"Same-Sex Marriage Script by Straight Canvasser",68,67,67,62
"Recycling Script by Gay Canvasser",30,22,33,38
"Same-Sex Marriage Script by Gay Canvasser",58,64,49,62
"Recycling Script by Straight Canvasser",21,16,13,34
"No Contact",96,96,99,99
"Recycling Script by Straight Canvasser",91,85,95,100
"Same-Sex Marriage Script by Straight Canvasser",66,63,63,74
"Same-Sex Marriage Script by Gay Canvasser",1,8,11,0
"No Contact",70,72,72,72
"Same-Sex Marriage Script by Straight Canvasser",79,70,80,72
"No Contact",100,95,95,100
"Same-Sex Marriage Script by Straight Canvasser",100,100,100,100
"Recycling Script by Gay Canvasser",65,62,69,65
"Same-Sex Marriage Script by Gay Canvasser",62,62,66,57
"Same-Sex Marriage Script by Gay Canvasser",75,78,69,NA
"Same-Sex Marriage Script by Gay Canvasser",53,45,61,51
"Recycling Script by Straight Canvasser",61,62,67,74
"Recycling Script by Gay Canvasser",100,100,100,94
"Recycling Script by Gay Canvasser",47,50,55,53
"No Contact",63,65,62,58
"Recycling Script by Straight Canvasser",84,80,70,89
"Recycling Script by Gay Canvasser",30,38,NA,31
"No Contact",32,33,32,37
"Recycling Script by Straight Canvasser",65,62,62,52
"No Contact",50,51,46,47
"Same-Sex Marriage Script by Gay Canvasser",68,66,73,69
"No Contact",90,96,NA,87
"No Contact",82,86,75,64
"Recycling Script by Straight Canvasser",100,100,91,100
"Recycling Script by Gay Canvasser",100,93,100,98
"Same-Sex Marriage Script by Straight Canvasser",25,26,20,21
"Recycling Script by Straight Canvasser",26,23,NA,32
"Recycling Script by Straight Canvasser",58,63,61,51
"Same-Sex Marriage Script by Straight Canvasser",53,54,41,66
"Recycling Script by Straight Canvasser",72,64,NA,80
"Same-Sex Marriage Script by Gay Canvasser",11,6,13,0
"Same-Sex Marriage Script by Straight Canvasser",53,54,54,58
"No Contact",66,71,61,73
"Same-Sex Marriage Script by Straight Canvasser",76,78,77,75
"Same-Sex Marriage Script by Straight Canvasser",79,80,NA,68
"Recycling Script by Gay Canvasser",28,23,32,40
"Recycling Script by Straight Canvasser",78,71,67,76
"Same-Sex Marriage Script by Gay Canvasser",60,68,59,57
"No Contact",47,50,47,56
"Same-Sex Marriage Script by Straight Canvasser",43,43,37,53
"Same-Sex Marriage Script by Straight Canvasser",2,3,0,5
"Recycling Script by Straight Canvasser",77,76,77,78
"Recycling Script by Straight Canvasser",75,73,70,75
"Same-Sex Marriage Script by Gay Canvasser",65,59,64,77
"No Contact",43,37,41,49
"Recycling Script by Straight Canvasser",98,100,96,NA
"Same-Sex Marriage Script by Straight Canvasser",94,81,94,96
"Same-Sex Marriage Script by Straight Canvasser",69,70,72,68
"No Contact",62,59,66,74
"Recycling Script by Gay Canvasser",62,54,58,62
"Same-Sex Marriage Script by Straight Canvasser",39,38,36,38
"No Contact",27,35,28,19
"No Contact",72,79,78,54
"No Contact",26,22,31,17
"Recycling Script by Straight Canvasser",62,61,63,56
"Recycling Script by Gay Canvasser",57,60,61,51
"Recycling Script by Straight Canvasser",74,70,69,NA
"No Contact",60,60,54,61
"No Contact",53,53,49,54
"Same-Sex Marriage Script by Gay Canvasser",100,100,96,98
"Recycling Script by Gay Canvasser",55,62,53,63
"Same-Sex Marriage Script by Straight Canvasser",29,28,29,30
"Same-Sex Marriage Script by Gay Canvasser",78,64,73,92
"Recycling Script by Gay Canvasser",100,100,100,100
"Same-Sex Marriage Script by Gay Canvasser",68,72,60,67
"Same-Sex Marriage Script by Gay Canvasser",45,46,44,44
"No Contact",78,77,89,93
"No Contact",74,79,83,79
"Recycling Script by Gay Canvasser",65,62,69,56
"Recycling Script by Straight Canvasser",0,0,0,8
"Recycling Script by Straight Canvasser",8,9,11,3
"Recycling Script by Gay Canvasser",100,100,100,100
"Recycling Script by Straight Canvasser",43,46,36,48
"Recycling Script by Gay Canvasser",75,71,76,72
"Same-Sex Marriage Script by Straight Canvasser",30,27,17,30
"Same-Sex Marriage Script by Straight Canvasser",65,62,66,59
"Recycling Script by Straight Canvasser",39,35,40,NA
"Same-Sex Marriage Script by Gay Canvasser",61,54,67,66
"Recycling Script by Gay Canvasser",98,95,94,89
"Recycling Script by Straight Canvasser",53,59,41,54
"Same-Sex Marriage Script by Gay Canvasser",58,59,55,61
"Recycling Script by Gay Canvasser",83,83,85,84
"No Contact",97,90,92,100
"Recycling Script by Straight Canvasser",89,91,81,93
"No Contact",79,77,NA,74
"No Contact",84,84,86,90
"Recycling Script by Gay Canvasser",40,40,41,46
"Recycling Script by Straight Canvasser",43,48,35,44
"No Contact",69,68,70,81
"No Contact",49,48,NA,52
"Same-Sex Marriage Script by Gay Canvasser",100,100,93,94
"Same-Sex Marriage Script by Gay Canvasser",69,61,67,73
"Same-Sex Marriage Script by Straight Canvasser",61,63,64,64
"No Contact",53,61,47,59
"No Contact",50,50,59,61
"Same-Sex Marriage Script by Straight Canvasser",73,72,76,74
"Recycling Script by Straight Canvasser",84,82,83,79
"Same-Sex Marriage Script by Straight Canvasser",12,16,12,12
"No Contact",59,63,57,56
"Same-Sex Marriage Script by Gay Canvasser",57,49,46,55
"Same-Sex Marriage Script by Straight Canvasser",45,44,50,51
"Same-Sex Marriage Script by Straight Canvasser",51,59,50,44
"Same-Sex Marriage Script by Straight Canvasser",56,57,52,59
"Recycling Script by Gay Canvasser",20,22,25,25
"No Contact",44,41,46,49
"Same-Sex Marriage Script by Straight Canvasser",88,82,93,92
"Same-Sex Marriage Script by Gay Canvasser",95,84,91,99
"Recycling Script by Straight Canvasser",22,21,21,16
"Recycling Script by Gay Canvasser",65,59,65,67
"Recycling Script by Gay Canvasser",66,66,60,57
"Same-Sex Marriage Script by Gay Canvasser",78,81,80,75
"Recycling Script by Gay Canvasser",100,100,98,100
"No Contact",25,27,23,8
"Recycling Script by Gay Canvasser",3,1,8,13
"Recycling Script by Straight Canvasser",79,73,87,82
"Same-Sex Marriage Script by Gay Canvasser",41,37,31,40
"Recycling Script by Gay Canvasser",57,52,52,65
"Same-Sex Marriage Script by Gay Canvasser",37,41,41,33
"Same-Sex Marriage Script by Gay Canvasser",44,45,43,58
"Same-Sex Marriage Script by Gay Canvasser",45,40,53,42
"Same-Sex Marriage Script by Straight Canvasser",19,17,18,NA
"Recycling Script by Straight Canvasser",82,77,79,85
"No Contact",100,93,100,100
"Same-Sex Marriage Script by Straight Canvasser",55,55,54,50
"No Contact",50,53,56,60
"Same-Sex Marriage Script by Straight Canvasser",96,100,100,96
"Recycling Script by Gay Canvasser",46,48,33,40
"No Contact",17,18,23,9
"Same-Sex Marriage Script by Straight Canvasser",49,55,57,62
"No Contact",16,19,6,5
"Same-Sex Marriage Script by Gay Canvasser",60,60,58,65
"Recycling Script by Straight Canvasser",53,44,59,53
"Same-Sex Marriage Script by Straight Canvasser",74,74,75,79
"Same-Sex Marriage Script by Gay Canvasser",49,57,48,59
"Same-Sex Marriage Script by Gay Canvasser",61,66,62,60
"Same-Sex Marriage Script by Gay Canvasser",64,63,69,75
"No Contact",83,77,96,82
"No Contact",61,60,74,68
"Same-Sex Marriage Script by Straight Canvasser",32,30,31,49
"No Contact",18,12,NA,18
"Recycling Script by Straight Canvasser",47,42,41,41
"Recycling Script by Straight Canvasser",68,74,75,NA
"Recycling Script by Gay Canvasser",28,25,28,NA
"No Contact",85,89,78,72
"No Contact",68,74,75,80
"Same-Sex Marriage Script by Gay Canvasser",62,65,67,76
"Same-Sex Marriage Script by Gay Canvasser",82,88,80,81
"No Contact",54,58,53,57
"Same-Sex Marriage Script by Gay Canvasser",57,54,64,NA
"Same-Sex Marriage Script by Gay Canvasser",83,83,83,89
"Same-Sex Marriage Script by Gay Canvasser",65,75,78,71
"Recycling Script by Gay Canvasser",93,89,90,87
"Same-Sex Marriage Script by Gay Canvasser",92,88,99,99
"Same-Sex Marriage Script by Gay Canvasser",62,55,64,46
"No Contact",46,43,51,46
"Recycling Script by Gay Canvasser",55,53,51,54
"Recycling Script by Straight Canvasser",98,100,100,NA
"Recycling Script by Straight Canvasser",12,12,5,2
"Same-Sex Marriage Script by Straight Canvasser",22,23,18,32
"Recycling Script by Gay Canvasser",9,3,7,18
"Recycling Script by Straight Canvasser",22,24,24,16
"No Contact",68,77,NA,80
"Recycling Script by Gay Canvasser",32,34,23,33
"Same-Sex Marriage Script by Straight Canvasser",64,74,65,61
"Same-Sex Marriage Script by Gay Canvasser",88,89,86,94
"Same-Sex Marriage Script by Straight Canvasser",100,90,NA,100
"Recycling Script by Straight Canvasser",65,70,60,72
"Recycling Script by Straight Canvasser",69,68,60,65
"Same-Sex Marriage Script by Gay Canvasser",74,72,74,72
"Recycling Script by Straight Canvasser",27,20,35,29
"Same-Sex Marriage Script by Gay Canvasser",85,85,83,90
"Same-Sex Marriage Script by Gay Canvasser",81,82,73,76
"Recycling Script by Straight Canvasser",37,42,43,30
"Same-Sex Marriage Script by Gay Canvasser",14,7,11,11
"Same-Sex Marriage Script by Straight Canvasser",53,52,57,NA
"No Contact",35,38,35,41
"Same-Sex Marriage Script by Gay Canvasser",45,45,43,38
"No Contact",0,3,6,0
"Same-Sex Marriage Script by Straight Canvasser",28,35,32,27
"No Contact",35,34,41,38
"Recycling Script by Straight Canvasser",42,41,52,43
"No Contact",95,100,99,96
"No Contact",45,46,50,46
"No Contact",94,100,97,91
"Recycling Script by Gay Canvasser",77,84,74,96
"Recycling Script by Gay Canvasser",58,68,49,54
"No Contact",55,55,NA,51
"Recycling Script by Gay Canvasser",59,50,64,61
"Recycling Script by Straight Canvasser",80,74,78,78
"Same-Sex Marriage Script by Gay Canvasser",100,99,100,98
"Same-Sex Marriage Script by Straight Canvasser",53,55,42,48
"Recycling Script by Straight Canvasser",43,52,49,46
"Recycling Script by Straight Canvasser",18,18,7,22
"No Contact",90,86,100,93
"Recycling Script by Gay Canvasser",57,65,61,59
"No Contact",19,23,10,7
"Same-Sex Marriage Script by Gay Canvasser",50,49,51,44
"Same-Sex Marriage Script by Gay Canvasser",80,84,89,72
"Recycling Script by Gay Canvasser",82,82,82,86
"Same-Sex Marriage Script by Straight Canvasser",40,43,27,37
"Recycling Script by Straight Canvasser",39,37,44,46
"Recycling Script by Gay Canvasser",30,26,30,50
"No Contact",51,54,49,46
"Recycling Script by Straight Canvasser",64,54,65,74
"Same-Sex Marriage Script by Gay Canvasser",57,53,53,58
"Same-Sex Marriage Script by Straight Canvasser",100,100,100,100
"Recycling Script by Straight Canvasser",66,71,60,NA
"Recycling Script by Straight Canvasser",57,60,NA,52
"Recycling Script by Straight Canvasser",97,96,94,94
"Recycling Script by Straight Canvasser",57,58,71,53
"Recycling Script by Gay Canvasser",90,94,82,100
"Same-Sex Marriage Script by Straight Canvasser",52,38,49,52
"No Contact",31,34,31,25
"Same-Sex Marriage Script by Straight Canvasser",73,73,79,79
"Recycling Script by Straight Canvasser",62,55,62,60
"Same-Sex Marriage Script by Straight Canvasser",86,83,83,91
"Same-Sex Marriage Script by Straight Canvasser",53,59,55,70
"Recycling Script by Gay Canvasser",89,97,93,85
"Recycling Script by Gay Canvasser",62,63,61,66
"Recycling Script by Gay Canvasser",71,67,64,70
"Recycling Script by Gay Canvasser",28,28,NA,26
"Same-Sex Marriage Script by Gay Canvasser",43,38,53,46
"No Contact",21,25,26,14
"No Contact",41,44,37,50
"No Contact",71,63,NA,73
"Same-Sex Marriage Script by Gay Canvasser",5,12,7,6
"Recycling Script by Gay Canvasser",46,47,38,47
"Same-Sex Marriage Script by Gay Canvasser",64,55,69,64
"Recycling Script by Straight Canvasser",18,9,17,9
"Recycling Script by Gay Canvasser",80,77,82,75
"Recycling Script by Straight Canvasser",57,52,61,57
"No Contact",76,72,79,78
"Recycling Script by Straight Canvasser",61,63,69,70
"No Contact",77,84,72,71
"Recycling Script by Straight Canvasser",40,33,45,45
"Same-Sex Marriage Script by Gay Canvasser",100,98,94,100
"No Contact",49,49,47,54
"Recycling Script by Straight Canvasser",18,20,11,19
"Same-Sex Marriage Script by Gay Canvasser",55,60,65,52
"No Contact",50,56,NA,54
"Same-Sex Marriage Script by Straight Canvasser",71,78,80,68
"Recycling Script by Gay Canvasser",40,38,46,47
"No Contact",19,21,15,28
"Same-Sex Marriage Script by Gay Canvasser",92,93,90,82
"Same-Sex Marriage Script by Gay Canvasser",84,83,78,78
"Recycling Script by Straight Canvasser",40,42,45,39
"Same-Sex Marriage Script by Straight Canvasser",47,43,41,49
"No Contact",61,63,55,64
"Same-Sex Marriage Script by Gay Canvasser",71,73,71,59
"Recycling Script by Gay Canvasser",87,90,87,86
"Recycling Script by Straight Canvasser",56,60,56,55
"Same-Sex Marriage Script by Gay Canvasser",17,14,10,13
"Same-Sex Marriage Script by Gay Canvasser",70,74,65,NA
"Recycling Script by Straight Canvasser",76,79,74,83
"No Contact",69,68,NA,68
"Same-Sex Marriage Script by Straight Canvasser",57,52,54,59
"No Contact",48,51,49,55
"No Contact",39,36,32,42
"Recycling Script by Gay Canvasser",49,49,43,41
"Recycling Script by Gay Canvasser",14,10,24,13
"No Contact",66,73,67,78
"Same-Sex Marriage Script by Gay Canvasser",3,6,11,11
"No Contact",62,72,55,60
"Recycling Script by Straight Canvasser",100,100,88,100
"Same-Sex Marriage Script by Straight Canvasser",33,36,38,30
"Same-Sex Marriage Script by Straight Canvasser",76,76,80,80
"Same-Sex Marriage Script by Gay Canvasser",100,96,97,100
"Same-Sex Marriage Script by Straight Canvasser",100,97,100,100
"Recycling Script by Gay Canvasser",100,98,94,81
"Same-Sex Marriage Script by Gay Canvasser",66,63,60,72
"Recycling Script by Straight Canvasser",95,93,97,90
"Same-Sex Marriage Script by Straight Canvasser",49,54,NA,37
"No Contact",64,75,62,62
"No Contact",60,59,64,57
"Same-Sex Marriage Script by Gay Canvasser",58,56,65,71
"No Contact",43,46,41,52
"No Contact",65,68,59,78
"Recycling Script by Gay Canvasser",45,54,28,41
"Recycling Script by Straight Canvasser",38,37,42,26
"Same-Sex Marriage Script by Straight Canvasser",77,74,84,79
"Recycling Script by Straight Canvasser",61,63,69,68
"No Contact",61,67,60,51
"Recycling Script by Straight Canvasser",48,51,52,48
"Recycling Script by Gay Canvasser",9,4,7,13
"Same-Sex Marriage Script by Straight Canvasser",41,40,48,44
"No Contact",30,34,32,29
"No Contact",81,89,79,80
"Recycling Script by Gay Canvasser",100,100,100,100
"No Contact",28,28,28,29
"Recycling Script by Gay Canvasser",67,71,69,NA
"Recycling Script by Straight Canvasser",69,64,63,74
"Same-Sex Marriage Script by Gay Canvasser",87,91,77,86
"Same-Sex Marriage Script by Gay Canvasser",3,2,14,0
"Recycling Script by Straight Canvasser",43,48,40,44
"No Contact",97,100,100,93
"Same-Sex Marriage Script by Gay Canvasser",77,73,84,87
"Recycling Script by Straight Canvasser",58,56,NA,57
"Same-Sex Marriage Script by Straight Canvasser",45,35,NA,45
"Same-Sex Marriage Script by Straight Canvasser",44,45,57,38
"Recycling Script by Gay Canvasser",36,48,33,31
"No Contact",60,67,NA,NA
"Recycling Script by Straight Canvasser",66,68,63,61
"No Contact",17,13,NA,21
"No Contact",76,71,NA,75
"No Contact",69,68,65,57
"Recycling Script by Straight Canvasser",73,71,70,56
"No Contact",16,13,9,13
"Same-Sex Marriage Script by Gay Canvasser",44,54,NA,45
"Same-Sex Marriage Script by Gay Canvasser",25,20,24,37
"Recycling Script by Gay Canvasser",48,49,49,42
"Recycling Script by Straight Canvasser",68,65,62,65
"Same-Sex Marriage Script by Gay Canvasser",29,31,31,30
"Same-Sex Marriage Script by Gay Canvasser",97,94,100,100
"Same-Sex Marriage Script by Straight Canvasser",73,72,79,72
"Recycling Script by Gay Canvasser",0,3,0,0
"Same-Sex Marriage Script by Straight Canvasser",18,12,29,16
"Recycling Script by Gay Canvasser",95,98,100,98
"Same-Sex Marriage Script by Gay Canvasser",50,49,59,50
"Same-Sex Marriage Script by Gay Canvasser",59,62,57,65
"No Contact",36,39,37,49
"Recycling Script by Gay Canvasser",14,23,15,22
"Same-Sex Marriage Script by Straight Canvasser",48,43,57,47
"Recycling Script by Gay Canvasser",74,71,80,73
"Recycling Script by Straight Canvasser",69,79,62,63
"No Contact",32,27,34,18
"Same-Sex Marriage Script by Straight Canvasser",85,84,85,93
"Recycling Script by Straight Canvasser",52,58,55,44
"Recycling Script by Gay Canvasser",60,60,59,62
"Same-Sex Marriage Script by Straight Canvasser",56,54,59,65
"Recycling Script by Straight Canvasser",14,13,16,10
"Recycling Script by Straight Canvasser",15,14,16,11
"Same-Sex Marriage Script by Straight Canvasser",54,56,54,63
"Recycling Script by Straight Canvasser",54,52,57,68
"No Contact",50,50,47,57
"No Contact",7,7,11,5
"Recycling Script by Gay Canvasser",100,97,100,93
"Same-Sex Marriage Script by Straight Canvasser",100,100,100,97
"No Contact",100,94,100,92
"Recycling Script by Gay Canvasser",100,98,99,100
"Same-Sex Marriage Script by Straight Canvasser",66,70,64,62
"Same-Sex Marriage Script by Straight Canvasser",68,71,65,75
"Same-Sex Marriage Script by Straight Canvasser",24,31,29,20
"No Contact",7,5,8,6
"No Contact",100,99,100,100
"Recycling Script by Straight Canvasser",45,48,44,44
"Recycling Script by Gay Canvasser",36,37,33,34
"Recycling Script by Gay Canvasser",63,55,62,NA
"Recycling Script by Straight Canvasser",3,0,13,7
"No Contact",39,29,36,48
"Recycling Script by Straight Canvasser",44,42,35,54
"Recycling Script by Gay Canvasser",41,40,34,29
"Recycling Script by Straight Canvasser",16,4,8,14
"Same-Sex Marriage Script by Gay Canvasser",32,32,31,30
"No Contact",60,51,72,71
"Recycling Script by Straight Canvasser",46,35,52,42
"Same-Sex Marriage Script by Gay Canvasser",57,61,54,64
"Same-Sex Marriage Script by Straight Canvasser",85,81,95,82
"No Contact",39,39,27,45
"Recycling Script by Straight Canvasser",81,86,72,83
"Same-Sex Marriage Script by Straight Canvasser",51,58,61,56
"Recycling Script by Straight Canvasser",0,0,3,0
"Same-Sex Marriage Script by Gay Canvasser",24,21,29,20
"Recycling Script by Straight Canvasser",79,83,75,82
"No Contact",72,76,73,76
"Recycling Script by Straight Canvasser",74,77,74,70
"Recycling Script by Straight Canvasser",81,82,81,80
"Recycling Script by Gay Canvasser",24,23,NA,30
"Same-Sex Marriage Script by Gay Canvasser",60,56,NA,64
"Recycling Script by Gay Canvasser",70,70,NA,68
"No Contact",21,9,23,23
"Same-Sex Marriage Script by Straight Canvasser",70,73,65,65
"Recycling Script by Straight Canvasser",100,100,100,100
"Same-Sex Marriage Script by Straight Canvasser",15,17,9,23
"Same-Sex Marriage Script by Gay Canvasser",68,66,61,69
"Same-Sex Marriage Script by Straight Canvasser",28,37,33,28
"Same-Sex Marriage Script by Straight Canvasser",52,51,61,50
"Recycling Script by Straight Canvasser",54,59,64,62
"Recycling Script by Gay Canvasser",61,56,62,64
"Recycling Script by Straight Canvasser",100,98,100,98
"Same-Sex Marriage Script by Gay Canvasser",25,24,NA,23
"Same-Sex Marriage Script by Straight Canvasser",65,64,57,59
"Same-Sex Marriage Script by Gay Canvasser",22,25,22,16
"Recycling Script by Gay Canvasser",82,77,83,87
"Recycling Script by Straight Canvasser",29,29,21,25
"Recycling Script by Gay Canvasser",57,50,61,67
"Same-Sex Marriage Script by Gay Canvasser",61,58,55,57
"Recycling Script by Straight Canvasser",37,34,32,34
"Same-Sex Marriage Script by Straight Canvasser",71,81,69,68
"Same-Sex Marriage Script by Straight Canvasser",77,81,82,84
"Recycling Script by Gay Canvasser",100,90,91,98
"Same-Sex Marriage Script by Straight Canvasser",31,36,30,33
"Recycling Script by Gay Canvasser",100,100,94,94
"Recycling Script by Gay Canvasser",49,47,51,48
"No Contact",31,31,21,39
"Recycling Script by Gay Canvasser",44,45,NA,36
"Recycling Script by Gay Canvasser",24,28,19,22
"Recycling Script by Gay Canvasser",72,81,78,72
"Same-Sex Marriage Script by Gay Canvasser",49,43,39,56
"Recycling Script by Straight Canvasser",69,66,70,66
"Recycling Script by Gay Canvasser",28,33,33,32
"Recycling Script by Gay Canvasser",69,73,72,NA
"No Contact",13,5,21,13
"No Contact",20,28,25,16
"No Contact",64,60,59,53
"Same-Sex Marriage Script by Straight Canvasser",51,61,51,48
"No Contact",46,44,36,41
"Recycling Script by Straight Canvasser",37,33,39,48
"Recycling Script by Straight Canvasser",25,25,18,18
"No Contact",89,86,85,NA
"Same-Sex Marriage Script by Gay Canvasser",79,79,76,65
"Same-Sex Marriage Script by Straight Canvasser",83,92,87,74
"Recycling Script by Straight Canvasser",19,17,23,6
"Same-Sex Marriage Script by Gay Canvasser",51,54,53,59
"No Contact",91,81,86,98
"Same-Sex Marriage Script by Gay Canvasser",18,14,11,14
"Recycling Script by Gay Canvasser",73,72,56,NA
"Recycling Script by Straight Canvasser",100,100,100,100
"Same-Sex Marriage Script by Gay Canvasser",46,44,42,41
"Same-Sex Marriage Script by Gay Canvasser",85,85,76,81
"Same-Sex Marriage Script by Gay Canvasser",52,50,50,73
